model,mode,eval,metric,before,after,delta,ci_low,ci_high,B,interpretation
d1-omni,global,in-domain,accuracy,0.58375,0.58375,0.0,0.0,0.0,1000,paired cluster percentile; refit on resampled disjoint fit cases
d1-omni,global,in-domain,mean_confidence,0.6294118005553446,0.5629754710817915,-0.06643632947355316,-0.09815042013087036,-0.028994294279230424,1000,paired cluster percentile; refit on resampled disjoint fit cases
d1-omni,global,in-domain,nll,0.9375664554855289,0.9212008816623513,-0.016365573823177604,-0.02636325219433893,-0.003542283295735846,1000,paired cluster percentile; refit on resampled disjoint fit cases
d1-omni,global,in-domain,brier,0.5346552325043177,0.5288057107812734,-0.005849521723044315,-0.01030808086566988,0.0007486998718546812,1000,paired cluster percentile; refit on resampled disjoint fit cases
d1-omni,global,in-domain,ece_mass_5,0.0569474896547298,0.022908179948375726,-0.034039309706354076,-0.04762055365498698,0.008065930867783629,1000,paired cluster percentile; refit on resampled disjoint fit cases
d1-omni,global,in-domain,ece_mass_10,0.06386411513160195,0.03489404678882606,-0.028970068342775893,-0.043870730694456954,0.008262989429512382,1000,paired cluster percentile; refit on resampled disjoint fit cases
d1-omni,global,in-domain,ece_mass_15,0.07642068626229137,0.041558437739712836,-0.034862248522578534,-0.04714967912814759,0.0033380346781158475,1000,paired cluster percentile; refit on resampled disjoint fit cases
d1-omni,global,in-domain,ece_width_10,0.061693524313503764,0.030236958093280045,-0.03145656622022372,-0.04934520526971006,0.01086141579310484,1000,paired cluster percentile; refit on resampled disjoint fit cases
d1-omni,global,in-domain,ece_width_15,0.06169352431350374,0.03729084717710342,-0.024402677136400326,-0.04279496090127994,0.010827741054344971,1000,paired cluster percentile; refit on resampled disjoint fit cases
d1-omni,global,in-domain,signed_gap,0.045661800555344634,-0.020774528918208524,-0.06643632947355316,-0.09815042013087036,-0.028994294279230424,1000,paired cluster percentile; refit on resampled disjoint fit cases
d1-omni,global,ood,accuracy,0.802,0.802,0.0,0.0,0.0,1000,paired cluster percentile; refit on resampled disjoint fit cases
d1-omni,global,ood,mean_confidence,0.8175124793975249,0.7552971822864428,-0.06221529711108209,-0.09992812489288996,-0.025840663285671847,1000,paired cluster percentile; refit on resampled disjoint fit cases
d1-omni,global,ood,nll,0.49356355032935867,0.5035497911147022,0.009986240785343548,-0.0032720241919654003,0.034839788685808386,1000,paired cluster percentile; refit on resampled disjoint fit cases
d1-omni,global,ood,brier,0.27520625697185885,0.2800594630880651,0.004853206116206266,-0.00015367622707582738,0.014947929350440196,1000,paired cluster percentile; refit on resampled disjoint fit cases
d1-omni,global,ood,ece_mass_5,0.020371152227036757,0.04670281771355702,0.026331665486520262,-0.006236495603091694,0.06483822383991113,1000,paired cluster percentile; refit on resampled disjoint fit cases
d1-omni,global,ood,ece_mass_10,0.024368578066935275,0.04670281771355697,0.022334239646621696,-0.006968644160289124,0.06101649846270431,1000,paired cluster percentile; refit on resampled disjoint fit cases
d1-omni,global,ood,ece_mass_15,0.02440000903077209,0.046702817713556964,0.022302808682784874,-0.005597135917769548,0.05719104043645556,1000,paired cluster percentile; refit on resampled disjoint fit cases
d1-omni,global,ood,ece_width_10,0.021690329742884568,0.04695572400038852,0.025265394257503952,-0.007323413201621116,0.061075735843327685,1000,paired cluster percentile; refit on resampled disjoint fit cases
d1-omni,global,ood,ece_width_15,0.027345712840731215,0.048816781669834886,0.02147106882910367,-0.007479730017770793,0.05647664617696636,1000,paired cluster percentile; refit on resampled disjoint fit cases
d1-omni,global,ood,signed_gap,0.01551247939752487,-0.04670281771355722,-0.06221529711108209,-0.09992812489288996,-0.025840663285671847,1000,paired cluster percentile; refit on resampled disjoint fit cases
d1-omni,per_type,in-domain,accuracy,0.58375,0.58375,0.0,0.0,0.0,1000,paired cluster percentile; refit on resampled disjoint fit cases
d1-omni,per_type,in-domain,mean_confidence,0.6294118005553446,0.5678519178252013,-0.061559882730143345,-0.09682511411208593,-0.01986218374312811,1000,paired cluster percentile; refit on resampled disjoint fit cases
d1-omni,per_type,in-domain,nll,0.9375664554855289,0.9108016617812055,-0.026764793704323386,-0.04101039318973589,-0.003107947522503267,1000,paired cluster percentile; refit on resampled disjoint fit cases
d1-omni,per_type,in-domain,brier,0.5346552325043177,0.5240694884931574,-0.010585744011160303,-0.016840514973735624,0.00012909726830363972,1000,paired cluster percentile; refit on resampled disjoint fit cases
d1-omni,per_type,in-domain,ece_mass_5,0.0569474896547298,0.02122505870341818,-0.035722430951311626,-0.04668470341981986,0.007720418669323749,1000,paired cluster percentile; refit on resampled disjoint fit cases
d1-omni,per_type,in-domain,ece_mass_10,0.06386411513160195,0.03401172989917773,-0.02985238523242422,-0.0441932136891428,0.006872549385861122,1000,paired cluster percentile; refit on resampled disjoint fit cases
d1-omni,per_type,in-domain,ece_mass_15,0.07642068626229137,0.04198765513794395,-0.034433031124347424,-0.048123948476139135,0.0044410611590792555,1000,paired cluster percentile; refit on resampled disjoint fit cases
d1-omni,per_type,in-domain,ece_width_10,0.061693524313503764,0.039501971457938524,-0.02219155285556524,-0.0480554020470904,0.01006611035758165,1000,paired cluster percentile; refit on resampled disjoint fit cases
d1-omni,per_type,in-domain,ece_width_15,0.06169352431350374,0.03747327140432469,-0.024220252909179056,-0.046784318081463584,0.008353807495740108,1000,paired cluster percentile; refit on resampled disjoint fit cases
d1-omni,per_type,in-domain,signed_gap,0.045661800555344634,-0.01589808217479871,-0.061559882730143345,-0.09682511411208593,-0.01986218374312811,1000,paired cluster percentile; refit on resampled disjoint fit cases
d1-omni,per_type,ood,accuracy,0.802,0.802,0.0,0.0,0.0,1000,paired cluster percentile; refit on resampled disjoint fit cases
d1-omni,per_type,ood,mean_confidence,0.8175124793975249,0.762358849558191,-0.05515362983933392,-0.09263592902266873,-0.022073431526700747,1000,paired cluster percentile; refit on resampled disjoint fit cases
d1-omni,per_type,ood,nll,0.49356355032935867,0.5134385784173708,0.01987502808801217,0.004924881123243914,0.05864927898793078,1000,paired cluster percentile; refit on resampled disjoint fit cases
d1-omni,per_type,ood,brier,0.27520625697185885,0.2837850267260063,0.008578769754147453,0.002519506705844689,0.02009351054476709,1000,paired cluster percentile; refit on resampled disjoint fit cases
d1-omni,per_type,ood,ece_mass_5,0.020371152227036757,0.04788953388360373,0.027518381656566972,0.004872923411291962,0.06515282246150876,1000,paired cluster percentile; refit on resampled disjoint fit cases
d1-omni,per_type,ood,ece_mass_10,0.024368578066935275,0.051600568446668806,0.02723199037973353,0.004222974102582304,0.0611741528994606,1000,paired cluster percentile; refit on resampled disjoint fit cases
d1-omni,per_type,ood,ece_mass_15,0.02440000903077209,0.051227257637777045,0.026827248607004955,0.004147172263498044,0.057952590164732906,1000,paired cluster percentile; refit on resampled disjoint fit cases
d1-omni,per_type,ood,ece_width_10,0.021690329742884568,0.051455463811179526,0.02976513406829496,0.004157000751281538,0.06082347444166985,1000,paired cluster percentile; refit on resampled disjoint fit cases
d1-omni,per_type,ood,ece_width_15,0.027345712840731215,0.05364930662137481,0.02630359378064359,0.0026915701792132106,0.05626553801543022,1000,paired cluster percentile; refit on resampled disjoint fit cases
d1-omni,per_type,ood,signed_gap,0.01551247939752487,-0.03964115044180905,-0.05515362983933392,-0.09263592902266873,-0.022073431526700747,1000,paired cluster percentile; refit on resampled disjoint fit cases
