model,fit,mode,eval,n_fit,n_eval,accuracy,mean_confidence,ece,brier,nll
d1-omni,fit_indom20,global,eval_indom_rest,400,1600,0.5850,0.5417,0.0506,0.5240,0.9132
d1-omni,fit_indom20,global,eval_ood_all,400,200,0.8600,0.8423,0.0672,0.2225,0.3995
d1-omni,fit_indom20,per_type,eval_indom_rest,400,1600,0.5850,0.5480,0.0627,0.5165,0.9012
d1-omni,fit_indom20,per_type,eval_ood_all,400,200,0.8600,0.8862,0.0689,0.2233,0.4130
d1-omni,fit_indom20,per_task,eval_indom_rest,400,1600,0.5850,0.5710,0.0437,0.5215,0.9028
d1-omni,fit_indom20,per_task,eval_ood_all,400,200,0.8600,0.9091,0.0712,0.2265,0.4473
d1-omni,fit_ood50,global,eval_ood_rest,100,100,0.8300,0.8456,0.0985,0.2734,0.4915
d1-omni,fit_ood50,per_type,eval_ood_rest,100,100,0.8300,0.8479,0.0985,0.2733,0.4944
d1-omni,fit_ood50,per_task,eval_ood_rest,100,100,0.8300,0.8486,0.0847,0.2599,0.4650
d1-omni,-,as-shipped,eval_indom_rest,0,1600,0.5850,0.6311,0.0620,0.5269,0.9194
d1-omni,-,as-shipped,eval_ood_all,0,200,0.8600,0.9091,0.0712,0.2265,0.4473
d1-omni,-,as-shipped,eval_ood_rest,0,100,0.8300,0.8905,0.0957,0.2772,0.5575
d1-3b,fit_indom20,global,eval_indom_rest,400,1600,0.6650,0.6306,0.0511,0.4469,0.7900
d1-3b,fit_indom20,global,eval_ood_all,400,200,0.8900,0.8667,0.0519,0.1687,0.3100
d1-3b,fit_indom20,per_type,eval_indom_rest,400,1600,0.6650,0.6318,0.0490,0.4467,0.7892
d1-3b,fit_indom20,per_type,eval_ood_all,400,200,0.8900,0.8612,0.0475,0.1670,0.3081
d1-3b,fit_indom20,per_task,eval_indom_rest,400,1600,0.6650,0.6392,0.0437,0.4433,0.7725
d1-3b,fit_indom20,per_task,eval_ood_all,400,200,0.8900,0.9035,0.0492,0.1689,0.3060
d1-3b,fit_ood50,global,eval_ood_rest,100,100,0.8900,0.8906,0.0687,0.1902,0.3624
d1-3b,fit_ood50,per_type,eval_ood_rest,100,100,0.8900,0.8909,0.0649,0.1891,0.3575
d1-3b,fit_ood50,per_task,eval_ood_rest,100,100,0.8900,0.8930,0.0656,0.1918,0.3590
d1-3b,-,as-shipped,eval_indom_rest,0,1600,0.6650,0.6789,0.0464,0.4456,0.7851
d1-3b,-,as-shipped,eval_ood_all,0,200,0.8900,0.9035,0.0492,0.1689,0.3060
d1-3b,-,as-shipped,eval_ood_rest,0,100,0.8900,0.8901,0.0688,0.1902,0.3622
opendecider-small,fit_indom20,global,eval_indom_rest,400,1600,0.6600,0.6688,0.0369,0.4545,0.7748
opendecider-small,fit_indom20,global,eval_ood_all,400,200,0.8800,0.9304,0.0747,0.1911,0.3454
opendecider-small,fit_indom20,per_type,eval_indom_rest,400,1600,0.6600,0.6664,0.0394,0.4523,0.7677
opendecider-small,fit_indom20,per_type,eval_ood_all,400,200,0.8800,0.8903,0.0468,0.1933,0.3622
opendecider-small,fit_indom20,per_task,eval_indom_rest,400,1600,0.6600,0.6847,0.0446,0.4497,0.7740
opendecider-small,fit_indom20,per_task,eval_ood_all,400,200,0.8800,0.8781,0.0671,0.1819,0.3275
opendecider-small,fit_ood50,global,eval_ood_rest,100,100,0.8600,0.8974,0.0718,0.2191,0.3849
opendecider-small,fit_ood50,per_type,eval_ood_rest,100,100,0.8600,0.8982,0.0720,0.2173,0.3792
opendecider-small,fit_ood50,per_task,eval_ood_rest,100,100,0.8600,0.9006,0.0793,0.2065,0.3577
opendecider-small,-,as-shipped,eval_indom_rest,0,1600,0.6594,0.5919,0.0704,0.4605,0.8012
opendecider-small,-,as-shipped,eval_ood_all,0,200,0.8800,0.8781,0.0671,0.1819,0.3275
opendecider-small,-,as-shipped,eval_ood_rest,0,100,0.8600,0.8706,0.0749,0.2143,0.3786
jeff-2b,fit_indom20,global,eval_indom_rest,400,1600,0.5669,0.5355,0.0750,0.5581,0.9705
jeff-2b,fit_indom20,global,eval_ood_all,400,200,0.8100,0.8415,0.0969,0.2613,0.4523
jeff-2b,fit_indom20,per_type,eval_indom_rest,400,1600,0.5669,0.5338,0.0810,0.5567,0.9675
jeff-2b,fit_indom20,per_type,eval_ood_all,400,200,0.8100,0.8256,0.0753,0.2620,0.4518
jeff-2b,fit_indom20,per_task,eval_indom_rest,400,1600,0.5669,0.5491,0.0614,0.5425,0.9396
jeff-2b,fit_indom20,per_task,eval_ood_all,400,200,0.8100,0.8982,0.0946,0.2735,0.5097
jeff-2b,fit_ood50,global,eval_ood_rest,100,100,0.7600,0.8416,0.1101,0.3224,0.5638
jeff-2b,fit_ood50,per_type,eval_ood_rest,100,100,0.7600,0.8407,0.1151,0.3250,0.5699
jeff-2b,fit_ood50,per_task,eval_ood_rest,100,100,0.7600,0.8425,0.1062,0.3189,0.5602
jeff-2b,-,as-shipped,eval_indom_rest,0,1600,0.5650,0.6052,0.0946,0.5648,0.9829
jeff-2b,-,as-shipped,eval_ood_all,0,200,0.8100,0.8982,0.0946,0.2735,0.5097
jeff-2b,-,as-shipped,eval_ood_rest,0,100,0.7600,0.8895,0.1349,0.3387,0.6485
jeff-0.8b,fit_indom20,global,eval_indom_rest,400,1600,0.4988,0.4624,0.0719,0.6167,1.0849
jeff-0.8b,fit_indom20,global,eval_ood_all,400,200,0.8250,0.7310,0.1118,0.2864,0.5117
jeff-0.8b,fit_indom20,per_type,eval_indom_rest,400,1600,0.4988,0.4575,0.0888,0.6172,1.0812
jeff-0.8b,fit_indom20,per_type,eval_ood_all,400,200,0.8250,0.7089,0.1196,0.3129,0.5546
jeff-0.8b,fit_indom20,per_task,eval_indom_rest,400,1600,0.4988,0.4730,0.0591,0.6037,1.0516
jeff-0.8b,fit_indom20,per_task,eval_ood_all,400,200,0.8250,0.9042,0.0840,0.2895,0.5879
jeff-0.8b,fit_ood50,global,eval_ood_rest,100,100,0.7700,0.8433,0.1230,0.3701,0.6933
jeff-0.8b,fit_ood50,per_type,eval_ood_rest,100,100,0.7700,0.8475,0.1565,0.3706,0.6765
jeff-0.8b,fit_ood50,per_task,eval_ood_rest,100,100,0.7700,0.8470,0.1181,0.3677,0.6701
jeff-0.8b,-,as-shipped,eval_indom_rest,0,1600,0.4994,0.6247,0.1371,0.6589,1.2056
jeff-0.8b,-,as-shipped,eval_ood_all,0,200,0.8250,0.9042,0.0840,0.2895,0.5879
jeff-0.8b,-,as-shipped,eval_ood_rest,0,100,0.7700,0.8902,0.1392,0.3876,0.8247
