model,dgroup,qtype,n,accuracy,mean_confidence,ece,brier,nll
d1-omni,in-domain,noul,600,0.7117,0.7395,0.0444,0.3707,0.5416
d1-omni,in-domain,choice,600,0.6133,0.5699,0.0759,0.5093,0.9113
d1-omni,in-domain,score,800,0.4487,0.5907,0.1522,0.6908,1.2689
d1-omni,ood,noul,140,0.8929,0.9432,0.0576,0.1855,0.3616
d1-omni,ood,choice,60,0.7833,0.8297,0.1087,0.3224,0.6474
d1-omni,ood,score,0,nan,nan,nan,nan,nan
d1-3b,in-domain,noul,600,0.7867,0.8021,0.0497,0.2984,0.4671
d1-3b,in-domain,choice,600,0.6017,0.6617,0.0722,0.5177,0.9660
d1-3b,in-domain,score,800,0.5900,0.5938,0.0710,0.5357,0.9427
d1-3b,ood,noul,140,0.9286,0.9040,0.0600,0.1100,0.1968
d1-3b,ood,choice,60,0.8000,0.9023,0.1269,0.3063,0.5609
d1-3b,ood,score,0,nan,nan,nan,nan,nan
opendecider-small,in-domain,noul,600,0.7317,0.7230,0.0774,0.3771,0.5572
opendecider-small,in-domain,choice,600,0.6450,0.5733,0.0747,0.4750,0.8729
opendecider-small,in-domain,score,800,0.6175,0.5035,0.1140,0.5195,0.9433
opendecider-small,ood,noul,140,0.9143,0.8849,0.0681,0.1309,0.2291
opendecider-small,ood,choice,60,0.8000,0.8623,0.1344,0.3008,0.5571
opendecider-small,ood,score,0,nan,nan,nan,nan,nan
jeff-2b,in-domain,noul,600,0.6650,0.7299,0.1049,0.4567,0.6625
jeff-2b,in-domain,choice,600,0.5583,0.6426,0.1302,0.5900,1.0719
jeff-2b,in-domain,score,800,0.4713,0.4815,0.0778,0.6439,1.1825
jeff-2b,ood,noul,140,0.8357,0.9014,0.0807,0.2469,0.4373
jeff-2b,ood,choice,60,0.7500,0.8909,0.1531,0.3357,0.6785
jeff-2b,ood,score,0,nan,nan,nan,nan,nan
jeff-0.8b,in-domain,noul,600,0.6250,0.7204,0.1286,0.5206,0.8223
jeff-0.8b,in-domain,choice,600,0.5050,0.6778,0.1828,0.6825,1.2706
jeff-0.8b,in-domain,score,800,0.3850,0.5169,0.1411,0.7583,1.4800
jeff-0.8b,ood,noul,140,0.8643,0.9126,0.0977,0.2350,0.3895
jeff-0.8b,ood,choice,60,0.7333,0.8846,0.1667,0.4165,1.0508
jeff-0.8b,ood,score,0,nan,nan,nan,nan,nan
