model,workflow,n,accuracy,ece,brier
d1-omni,agent_trace_observability,500,0.5600,0.0621,0.5425
d1-omni,customer_service,500,0.6320,0.1208,0.5201
d1-omni,invoice_processing,500,0.5640,0.1109,0.5457
d1-omni,security_incidents,500,0.5520,0.0770,0.5532
d1-3b,agent_trace_observability,500,0.5420,0.1066,0.5761
d1-3b,customer_service,500,0.6780,0.0486,0.4110
d1-3b,invoice_processing,500,0.7440,0.0590,0.3624
d1-3b,security_incidents,500,0.6460,0.0823,0.4870
opendecider-small,agent_trace_observability,500,0.6120,0.1100,0.5268
opendecider-small,customer_service,500,0.6520,0.0842,0.4403
opendecider-small,invoice_processing,500,0.7100,0.1230,0.4152
opendecider-small,security_incidents,500,0.6660,0.1058,0.4714
jeff-2b,agent_trace_observability,500,0.4480,0.0893,0.6193
jeff-2b,customer_service,500,0.5920,0.0834,0.5209
jeff-2b,invoice_processing,500,0.5740,0.2577,0.6244
jeff-2b,security_incidents,500,0.6080,0.0986,0.5216
jeff-0.8b,agent_trace_observability,500,0.3880,0.1460,0.6982
jeff-0.8b,customer_service,500,0.5440,0.1194,0.5887
jeff-0.8b,invoice_processing,500,0.5720,0.3282,0.7397
jeff-0.8b,security_incidents,500,0.4680,0.1032,0.6304
