domain,qtype,arm,n,accuracy,mean_confidence,nll,brier,signed_gap,ece_mass_5,ece_mass_10,ece_mass_15,ece_width_10,ece_width_15,ordinal_rps_hard,ordinal_mae_hard,soft_n,soft_kl,soft_brier,soft_accuracy,ordinal_rps_soft,ordinal_mae_soft
ood_agnews_balanced,all,shipped,1000,0.903,0.9106159787255825,0.3199484835286808,0.15777516729001526,0.007615978725582506,0.01958555480249813,0.026487431149477596,0.025546665414691205,0.02387438665900888,0.02732069240555543,,,,,,,,
ood_agnews_balanced,all,ID_refit_global,1000,0.903,0.8823252612471876,0.3223428806402352,0.15826501058032413,-0.02067473875281245,0.023982273069063864,0.027756859393061908,0.029539613205266612,0.02689134175537144,0.03170687676400619,,,,,,,,
ood_agnews_balanced,all,ID_refit_per_type,1000,0.903,0.888014760285022,0.3208106779309732,0.15798212921233568,-0.014985239714978005,0.021317251334403185,0.024918365118369847,0.02780508222171693,0.023150306274441243,0.027233874678207422,,,,,,,,
ood_agnews_balanced,choice,shipped,1000,0.903,0.9106159787255825,0.3199484835286808,0.15777516729001526,0.007615978725582506,0.01958555480249813,0.026487431149477596,0.025546665414691205,0.02387438665900888,0.02732069240555543,,,,,,,,
ood_agnews_balanced,choice,ID_refit_global,1000,0.903,0.8823252612471876,0.3223428806402352,0.15826501058032413,-0.02067473875281245,0.023982273069063864,0.027756859393061908,0.029539613205266612,0.02689134175537144,0.03170687676400619,,,,,,,,
ood_agnews_balanced,choice,ID_refit_per_type,1000,0.903,0.888014760285022,0.3208106779309732,0.15798212921233568,-0.014985239714978005,0.021317251334403185,0.024918365118369847,0.02780508222171693,0.023150306274441243,0.027233874678207422,,,,,,,,
ood_rotten_balanced_v2,all,shipped,500,0.888,0.8889774601068483,0.27363647527045254,0.16454775613494882,0.0009774601068482935,0.010832742890596592,0.025385689452711146,0.033928393345711086,0.010202423303412518,0.014519541834839365,,,,,,,,
ood_rotten_balanced_v2,all,ID_refit_global,500,0.888,0.8671028387116739,0.27850389405275994,0.16532784260876343,-0.020897161288326083,0.020897161288326152,0.027950958134830162,0.04133676457752933,0.024396075979770664,0.022762088081961472,,,,,,,,
ood_rotten_balanced_v2,all,ID_refit_per_type,500,0.888,0.8934905774479417,0.2735210912860087,0.16466882506723163,0.00549057744794168,0.011805884469749572,0.026084498529391296,0.03252957429728178,0.005975431814493009,0.024216176067277932,,,,,,,,
ood_rotten_balanced_v2,noul,shipped,500,0.888,0.8889774601068483,0.27363647527045254,0.16454775613494882,0.0009774601068482935,0.010832742890596592,0.025385689452711146,0.033928393345711086,0.010202423303412518,0.014519541834839365,,,,,,,,
ood_rotten_balanced_v2,noul,ID_refit_global,500,0.888,0.8671028387116739,0.27850389405275994,0.16532784260876343,-0.020897161288326083,0.020897161288326152,0.027950958134830162,0.04133676457752933,0.024396075979770664,0.022762088081961472,,,,,,,,
ood_rotten_balanced_v2,noul,ID_refit_per_type,500,0.888,0.8934905774479417,0.2735210912860087,0.16466882506723163,0.00549057744794168,0.011805884469749572,0.026084498529391296,0.03252957429728178,0.005975431814493009,0.024216176067277932,,,,,,,,
ood_sst2_balanced_v2,all,shipped,500,0.952,0.9110525255299975,0.1712475701375258,0.0889283374734205,-0.040947474470002465,0.04094747447000242,0.04146076840460702,0.04456609107192487,0.040947474470002465,0.048979965652594465,,,,,,,,
ood_sst2_balanced_v2,all,ID_refit_global,500,0.952,0.889608602875996,0.18564085130066627,0.09363134660667197,-0.06239139712400399,0.06239139712400392,0.062391397124003954,0.06239139712400399,0.06239139712400404,0.06239139712400391,,,,,,,,
ood_sst2_balanced_v2,all,ID_refit_per_type,500,0.952,0.9153922990874404,0.1688192774610972,0.08818054356809912,-0.036607700912559604,0.0366077009125595,0.03790452883627608,0.04171108165444033,0.036607700912559576,0.04065834366513082,,,,,,,,
ood_sst2_balanced_v2,noul,shipped,500,0.952,0.9110525255299975,0.1712475701375258,0.0889283374734205,-0.040947474470002465,0.04094747447000242,0.04146076840460702,0.04456609107192487,0.040947474470002465,0.048979965652594465,,,,,,,,
ood_sst2_balanced_v2,noul,ID_refit_global,500,0.952,0.889608602875996,0.18564085130066627,0.09363134660667197,-0.06239139712400399,0.06239139712400392,0.062391397124003954,0.06239139712400399,0.06239139712400404,0.06239139712400391,,,,,,,,
ood_sst2_balanced_v2,noul,ID_refit_per_type,500,0.952,0.9153922990874404,0.1688192774610972,0.08818054356809912,-0.036607700912559604,0.0366077009125595,0.03790452883627608,0.04171108165444033,0.036607700912559576,0.04065834366513082,,,,,,,,
ood_yelp_rating,all,shipped,1000,0.631,0.6849574536768086,0.8263955796811744,0.4896199398637322,0.0539574536768086,0.05395745367680857,0.061723565268599276,0.06318074612002197,0.0656204409849636,0.05721539799543056,0.06960764972476823,0.4554977029993137,,,,,,
ood_yelp_rating,all,ID_refit_global,1000,0.631,0.6471308915889974,0.8237833624367062,0.4840296067189863,0.016130891588997387,0.026333590228477557,0.038871456536278874,0.035927792659887214,0.022066494978213013,0.03581927591749083,0.06893290459699809,0.46699602027468445,,,,,,
ood_yelp_rating,all,ID_refit_per_type,1000,0.631,0.6212815916295505,0.8299158685350908,0.4829866198260597,-0.00971840837044946,0.009902572451865677,0.031363099230553707,0.02688907140350876,0.022490825439083824,0.024414546819918014,0.06895743429612296,0.4762640545603992,,,,,,
ood_yelp_rating,score,shipped,1000,0.631,0.6849574536768086,0.8263955796811744,0.4896199398637322,0.0539574536768086,0.05395745367680857,0.061723565268599276,0.06318074612002197,0.0656204409849636,0.05721539799543056,0.06960764972476823,0.4554977029993137,,,,,,
ood_yelp_rating,score,ID_refit_global,1000,0.631,0.6471308915889974,0.8237833624367062,0.4840296067189863,0.016130891588997387,0.026333590228477557,0.038871456536278874,0.035927792659887214,0.022066494978213013,0.03581927591749083,0.06893290459699809,0.46699602027468445,,,,,,
ood_yelp_rating,score,ID_refit_per_type,1000,0.631,0.6212815916295505,0.8299158685350908,0.4829866198260597,-0.00971840837044946,0.009902572451865677,0.031363099230553707,0.02688907140350876,0.022490825439083824,0.024414546819918014,0.06895743429612296,0.4762640545603992,,,,,,
typed_agent_trace_observability,all,shipped,500,0.542,0.5946821955929181,1.034148814967429,0.5761100341912364,0.05268219559291809,0.08428610217562277,0.08608874713458368,0.10658810366652434,0.07781088980240011,0.1027986731365085,0.12367951041005554,0.589622145430862,500,0.3185406495975546,0.15472328091043563,0.46225931200000003,0.038718090204096826,0.3491210242871939
typed_agent_trace_observability,choice,shipped,200,0.435,0.5759336374567708,1.3351479382279885,0.7056823694649875,0.14093363745677084,0.14093363745677082,0.15612993490452054,0.1691065394298058,0.14093363745677084,0.16830508207970607,,,200,0.48844269711083027,0.22566184765873765,0.369966635,,
typed_agent_trace_observability,noul,shipped,100,0.79,0.7248567354607168,0.44311291131725966,0.28551421458521514,-0.06514326453928321,0.06514326453928324,0.11975722598688188,0.17833288118622737,0.0651432645392832,0.08232825686597807,,,100,0.07706629416512253,0.06427324063172798,0.6817666899999999,,
typed_agent_trace_observability,score,shipped,200,0.525,0.5483434837951658,1.0286676435319537,0.5918356087204961,0.02334348379516582,0.14085662685890044,0.1474002513585892,0.1501313635998845,0.09838989808864135,0.1302001705136109,0.12367951041005554,0.589622145430862,200,0.2693757798004951,0.1290097343014875,0.4447983,0.038718090204096826,0.3491210242871939
typed_customer_service,all,shipped,500,0.678,0.7009574710011921,0.7219196266734323,0.4110004601301779,0.022957471001192054,0.030112956944076806,0.04470741877215676,0.04862706796852705,0.02888070598563611,0.02803170551336107,0.08718901397096576,0.43134494585288474,500,0.2880240937508474,0.14012593871422666,0.5693068880000001,0.04170313901361471,0.36611685448811143
typed_customer_service,choice,shipped,200,0.695,0.7201762688949429,0.7581605305065929,0.40444680953309586,0.025176268894942955,0.05527318737374847,0.06339161667882653,0.08472375858062227,0.060692512455041835,0.07598332116684361,,,200,0.3396865396275881,0.16030010239771975,0.60178389,,
typed_customer_service,noul,shipped,100,0.72,0.7842816539723532,0.5409683416159351,0.36139027076272323,0.06428165397235319,0.12187103827647738,0.15225598488912898,0.1377490560784095,0.07965996873603266,0.09579829569288237,,,100,0.14739395216193332,0.11759118443545365,0.62973333,,
typed_customer_service,score,shipped,200,0.64,0.6400765816218607,0.7761543653690204,0.44235920541098744,7.658162186063855e-05,0.04834219378220052,0.058857444390373645,0.06929702469967143,0.04461091794442344,0.06239167148170686,0.08718901397096576,0.43134494585288474,200,0.30667671866856394,0.13121915217012012,0.506616665,0.04170313901361471,0.36611685448811143
typed_invoice_processing,all,shipped,500,0.744,0.7586584306296468,0.6592887915003826,0.36237035273053825,0.01465843062964678,0.036976911931426035,0.05463289783197575,0.058971255265610895,0.04290091356013079,0.06019059463961168,0.13321673383970212,0.5885857385451689,500,0.33923312675026646,0.16137627255996068,0.655732804,0.07288691698738883,0.4713621996165902
typed_invoice_processing,choice,shipped,100,0.64,0.695676345447866,0.8455250331236496,0.46251721715162347,0.05567634544786604,0.08683999346570885,0.10884530293827134,0.1788565435556807,0.10300546170129989,0.11694155059433509,,,100,0.4021816103605407,0.1974759530383725,0.51231529,,
typed_invoice_processing,noul,shipped,200,0.91,0.8354431025220728,0.25141614932898,0.13549196491362925,-0.07455689747792726,0.07455689747792715,0.07568998416605086,0.09670076421395392,0.08178985024368098,0.09829903316173282,,,200,0.11263813760175057,0.06762772216400154,0.8584749899999999,,
typed_invoice_processing,score,shipped,200,0.63,0.7133648013281111,0.9740433128601516,0.5391753083369046,0.08336480132811108,0.14019959949252722,0.15404075954420104,0.16690373199306135,0.15186548664761695,0.16993118151376863,0.13321673383970212,0.5885857385451689,200,0.5343538740936452,0.23707498271671387,0.524699375,0.07288691698738883,0.4713621996165902
typed_security_incidents,all,shipped,500,0.646,0.652346495922269,0.8127295378421576,0.4869744676460557,0.006346495922268991,0.08001507817396758,0.0860880100592348,0.08227643035174283,0.08457991921074252,0.08857686902635868,0.0969168264665362,0.53893707374917,500,0.21053499786718913,0.12015754675842465,0.511796678,0.02128091217301317,0.3067693857573512
typed_security_incidents,choice,shipped,100,0.71,0.6826028378157715,0.764042175554749,0.42334423676518085,-0.027397162184228496,0.06314000467700856,0.08206554750513528,0.13308289097761936,0.04881843819563771,0.0758492359080926,,,100,0.24291618719857153,0.13426321569577698,0.4891666599999999,,
typed_security_incidents,noul,shipped,200,0.695,0.8161553976360943,0.6579760884348653,0.4361354028072489,0.1211553976360944,0.12115539763609427,0.12115539763609431,0.12324564752073931,0.12115539763609429,0.12115539763609424,,,200,0.23890728325122076,0.15280188890790375,0.6036500300000001,,
typed_security_incidents,score,shipped,200,0.565,0.47340942326169255,0.9918266683931543,0.5696286479252999,-0.0915905767383074,0.09159057673830742,0.10030772795816094,0.12360736931820292,0.10148537409385205,0.10877183078853621,0.0969168264665362,0.53893707374917,200,0.16597211781746626,0.08046037014026935,0.431258335,0.02128091217301317,0.3067693857573512
