domain,comparison,metric,delta,ci_low,ci_high,B
ood_agnews_balanced,ID_global_minus_shipped,ece_mass_15,0.003992947790575407,-0.006640979807678661,0.026934542339197943,1000
ood_agnews_balanced,ID_global_minus_shipped,nll,0.0023943971115543694,-0.004361078154195913,0.019423214853149795,1000
ood_agnews_balanced,ID_global_minus_shipped,brier,0.0004898432903088779,-0.0012832891736791502,0.004648300516851766,1000
ood_agnews_balanced,ID_per_type_minus_shipped,ece_mass_15,0.0022584168070257267,-0.006591461394529426,0.03840926980485124,1000
ood_agnews_balanced,ID_per_type_minus_shipped,nll,0.0008621944022923489,-0.004321631089967156,0.02616927209718105,1000
ood_agnews_balanced,ID_per_type_minus_shipped,brier,0.00020696192232042,-0.001168160245537029,0.0064348889473489065,1000
ood_rotten_balanced_v2,ID_global_minus_shipped,ece_mass_15,0.007408371231818242,-0.00230245491609924,0.025011931397382645,1000
ood_rotten_balanced_v2,ID_global_minus_shipped,nll,0.004867418782307398,-0.0014849909648949027,0.019857785237350774,1000
ood_rotten_balanced_v2,ID_global_minus_shipped,brier,0.0007800864738146118,-0.0017224694973497607,0.005856105954089807,1000
ood_rotten_balanced_v2,ID_per_type_minus_shipped,ece_mass_15,-0.0013988190484293048,-0.006387346740410481,0.02081809087540993,1000
ood_rotten_balanced_v2,ID_per_type_minus_shipped,nll,-0.00011538398444382869,-0.0030958833928463594,0.020875559375028295,1000
ood_rotten_balanced_v2,ID_per_type_minus_shipped,brier,0.00012106893228280846,-0.0011078239928346471,0.0061720241761963075,1000
ood_sst2_balanced_v2,ID_global_minus_shipped,ece_mass_15,0.017825306052079118,0.0014803014971396865,0.036842758554518074,1000
ood_sst2_balanced_v2,ID_global_minus_shipped,nll,0.014393281163140453,0.001266918300412673,0.03285058745739138,1000
ood_sst2_balanced_v2,ID_global_minus_shipped,brier,0.004703009133251473,0.00036074694608669375,0.011768700991598885,1000
ood_sst2_balanced_v2,ID_per_type_minus_shipped,ece_mass_15,-0.0028550094174845386,-0.020945708808448208,0.03183945489390987,1000
ood_sst2_balanced_v2,ID_per_type_minus_shipped,nll,-0.002428292676428606,-0.015566549293922458,0.027536758092385472,1000
ood_sst2_balanced_v2,ID_per_type_minus_shipped,brier,-0.00074779390532137,-0.005229703264997317,0.009409160041912744,1000
ood_yelp_rating,ID_global_minus_shipped,ece_mass_15,-0.02725295346013476,-0.04162344511089521,0.006361897503405665,1000
ood_yelp_rating,ID_global_minus_shipped,nll,-0.00261221724446814,-0.008264000639685526,0.009682743357678224,1000
ood_yelp_rating,ID_global_minus_shipped,brier,-0.005590333144745885,-0.010485341755239824,-0.0001956861431092545,1000
ood_yelp_rating,ID_per_type_minus_shipped,ece_mass_15,-0.03629167471651321,-0.04556034536850631,0.016478792677348638,1000
ood_yelp_rating,ID_per_type_minus_shipped,nll,0.00352028885391642,-0.006941731424860914,0.03216664059323535,1000
ood_yelp_rating,ID_per_type_minus_shipped,brier,-0.006633320037672474,-0.011622434258619868,0.0019097131157503585,1000
