model,domain,qtype,n,accuracy,mean_confidence,nll,brier,signed_gap,ece_mass_5,ece_mass_10,ece_mass_15,ece_width_10,ece_width_15,soft_n,soft_kl,soft_brier,soft_accuracy,ordinal_rps_soft,ordinal_mae_soft,ordinal_rps_hard,ordinal_mae_hard
d1-omni,in-domain,all,2000,0.577,0.6291100127572747,0.9434190424561091,0.5403477437176377,0.05211001275727478,0.061460766959460074,0.06717465085983067,0.07560205231246916,0.0672249219134986,0.06722492191349863,2000,0.36098738689438287,0.17653983734133138,0.5050394618940309,0.07346500601006055,0.5481377066382355,0.15852308804842224,0.7407897187062912
d1-omni,in-domain,choice,600,0.6133333333333333,0.5698789511197179,0.9112765400642917,0.509309379304595,-0.04345438221361542,0.05329271731675233,0.06921757176803732,0.07594927420455175,0.07100500153242845,0.06573360757558719,600,0.31554581953372646,0.14461298243014192,0.4947709480211801,,,,
d1-omni,in-domain,noul,600,0.7116666666666667,0.7395419906483343,0.5415509751208882,0.37074292987055024,0.027875323981667588,0.029113911498958853,0.04317379348911346,0.044418734880164255,0.02936921361523368,0.030650194476669012,600,0.16055325508841334,0.12499933950073804,0.6636361000000001,,,,
d1-omni,in-domain,score,800,0.44875,0.5907093255671477,1.2689269697513876,0.6908301274127356,0.14195932556714774,0.1460608129383034,0.14606081293830342,0.15220039857018552,0.1467956186631399,0.1467956186631399,800,0.5453941612693524,0.2391403519051684,0.39379336871919207,0.07346500601006055,0.5481377066382355,0.15852308804842224,0.7407897187062912
d1-omni,ood,all,3000,0.802,0.8175124793975249,0.49356355032935867,0.27520625697185885,0.01551247939752487,0.020371152227036757,0.024368578066935275,0.02440000903077209,0.021690329742884568,0.027345712840731215,,,,,,,0.06876334158367087,0.46693653653180345
d1-omni,ood,choice,1000,0.871,0.8742857807425438,0.3811842004325214,0.19450206264324357,0.00328578074254382,0.011095569368739233,0.015979352628526424,0.021329163855847617,0.01678711230997334,0.02298641295816184,,,,,,,,
d1-omni,ood,noul,1000,0.901,0.9432314204015347,0.2887468860516532,0.16364282690775503,0.042231420401534714,0.042724886807562146,0.04342792972824103,0.05033073260630045,0.05219197965045897,0.052457974139651836,,,,,,,,
d1-omni,ood,score,1000,0.634,0.6350202370484967,0.8107595645039014,0.467473881364578,0.0010202370484967416,0.013176887610125119,0.016725084452484596,0.04182437878468601,0.0208631530906699,0.021981095991194622,,,,,,,0.06876334158367087,0.46693653653180345
d1-omni,all,uniform_reference,5000,0.2976,0.317,1.2225045866824027,0.683,0.01940000000000003,0.019400000000000008,0.025400000000000006,0.05985999999999999,0.019400000000000004,0.019400000000000004,2000,0.4444631840247096,0.2381881657480489,0.291703207443148,0.08833707897636944,0.7062757180840802,0.19848148148148148,1.0877777777777777
d1-3b,in-domain,all,2000,0.6525,0.6766611482865065,0.8070216927458502,0.45911382867450207,0.024161148286506506,0.04714190201498888,0.04806911101435177,0.04936470697585614,0.04472545462364807,0.04704754302575629,2000,0.2890832044236734,0.1440957567349973,0.5497739195031223,0.0436472673425474,0.3733423526276699,0.11025052117181491,0.5371224758945214
d1-3b,in-domain,choice,600,0.6016666666666667,0.6617498326611775,0.9660306910245936,0.5176866353188285,0.0600831659945108,0.06612188382771211,0.07263857009434097,0.0721686258611833,0.06628916738820456,0.07644287069551985,600,0.38355935682516995,0.18394384184378068,0.49083049079064156,,,,
d1-3b,in-domain,noul,600,0.7866666666666666,0.8020558982915673,0.4671442880768142,0.29835987013161575,0.01538923162490069,0.029631806818127604,0.04218144513541731,0.04974102236186466,0.028485689877098003,0.028409400426647434,600,0.15459184800549974,0.10378727453516534,0.7059583433333334,,,,
d1-3b,in-domain,score,800,0.59,0.5937985725017075,0.94267299753857,0.5357496925984221,0.0037985725017075644,0.06750812293764862,0.07358252704298868,0.07095330746375346,0.06321183162587853,0.07500405182006378,800,0.3190946074361813,0.14444105455328374,0.47684317316482405,0.0436472673425474,0.3733423526276699,0.11025052117181491,0.5371224758945214
d1-3b,ood,all,3000,0.818,0.8318628084069382,0.4562620286379481,0.258044384652644,0.01386280840693821,0.016005851491670373,0.016933674406703358,0.019028082568243537,0.019634668604616472,0.018524866055714042,,,,,,,0.06960764972476823,0.4554977029993137
d1-3b,ood,choice,1000,0.903,0.9106159787255825,0.3199484835286808,0.15777516729001526,0.007615978725582506,0.01958555480249813,0.026487431149477596,0.025546665414691205,0.02387438665900888,0.02732069240555543,,,,,,,,
d1-3b,ood,noul,1000,0.92,0.9000149928184229,0.2224420227039892,0.12673804680418466,-0.01998500718157714,0.01998500718157712,0.023851880122848758,0.026383300718257733,0.019985007181577148,0.024620028776811895,,,,,,,,
d1-3b,ood,score,1000,0.631,0.6849574536768086,0.8263955796811744,0.4896199398637322,0.0539574536768086,0.05395745367680857,0.061723565268599276,0.06318074612002197,0.0656204409849636,0.05721539799543056,,,,,,,0.06960764972476823,0.4554977029993137
d1-3b,all,uniform_reference,5000,0.2976,0.317,1.2225045866824027,0.683,0.01940000000000003,0.019400000000000008,0.025400000000000006,0.05985999999999999,0.019400000000000004,0.019400000000000004,2000,0.4444631840247096,0.2381881657480489,0.291703207443148,0.08833707897636944,0.7062757180840802,0.19848148148148148,1.0877777777777777
