model,held_workflow,mode,qtype,before_n,before_accuracy,before_mean_confidence,before_nll,before_brier,before_signed_gap,before_ece_mass_5,before_ece_mass_10,before_ece_mass_15,before_ece_width_10,before_ece_width_15,before_soft_n,before_soft_kl,before_soft_brier,before_soft_accuracy,before_ordinal_rps_soft,before_ordinal_mae_soft,before_ordinal_rps_hard,before_ordinal_mae_hard,after_n,after_accuracy,after_mean_confidence,after_nll,after_brier,after_signed_gap,after_ece_mass_5,after_ece_mass_10,after_ece_mass_15,after_ece_width_10,after_ece_width_15,after_soft_n,after_soft_kl,after_soft_brier,after_soft_accuracy,after_ordinal_rps_soft,after_ordinal_mae_soft,after_ordinal_rps_hard,after_ordinal_mae_hard
d1-omni,typed_agent_trace_observability,global,all,500,0.56,0.5897645089561717,0.9439929660775122,0.5424751275000472,0.029764508956171665,0.04694014840062649,0.058986706345650924,0.06205769640782007,0.05350549301578959,0.05825327578604637,500,0.29351442633990443,0.13224261114898142,0.4636853379466991,0.053407691055606214,0.4580995547476386,0.1547705028691083,0.7295211050844901,500,0.56,0.5319909729649946,0.936223486633586,0.5427650914888886,-0.028009027035005407,0.03993197947980437,0.04720352881079265,0.051392128816127404,0.043774887560807565,0.053836602842922715,500,0.22005457646823584,0.11150230170415909,0.4636853379466991,0.04578885002428813,0.43247589743307624,0.14924096279070637,0.7246911111510932
d1-omni,typed_agent_trace_observability,global,choice,200,0.565,0.5273554376871332,0.928431435356062,0.5337825399885283,-0.037644562312866725,0.046796963985787574,0.09639323146065643,0.092636663452544,0.07904469528343046,0.07549401847618095,200,0.2496474197291336,0.1194202432880729,0.41793167975003626,,,,,200,0.565,0.46803276379925424,0.9658601435985087,0.5511451225042986,-0.09696723620074571,0.09849817328350348,0.11842259621014936,0.13178844506351553,0.09696723620074577,0.09696723620074581,200,0.20045645843191584,0.10401774477929038,0.41793167975003626,,,,
d1-omni,typed_agent_trace_observability,global,noul,100,0.79,0.7546430063247681,0.46052584789198114,0.3007657684228391,-0.03535699367523193,0.06616837054491044,0.09366247296333316,0.10111351162195205,0.06450052231550218,0.06718141168355943,100,0.09722388523431322,0.07774523220468832,0.6934333299999998,,,,,100,0.79,0.7000504885812296,0.4857998676901517,0.31449146887130064,-0.08994951141877039,0.09102175878881266,0.12615168115025185,0.1265630628265494,0.08994951141877047,0.10332640096767587,100,0.07865551152928027,0.06715896572715621,0.6934333299999998,,,,
d1-omni,typed_agent_trace_observability,global,score,200,0.44,0.5697343315409121,1.2012880558917276,0.6720223945501703,0.12973433154091213,0.1514747881898318,0.1514747881898318,0.1560960302500557,0.15758880849013818,0.15883730129144616,200,0.43552670350347084,0.17231366848203641,0.39456500011671125,0.053407691055606214,0.4580995547476386,0.1547705028691083,0.7295211050844901,200,0.44,0.5119194243226175,1.1317986391403807,0.6485218717822727,0.0719194243226175,0.11687414257895096,0.11687414257895093,0.14423563933151048,0.10489248761344949,0.11885184312410801,200,0.31035222697403375,0.14115852661752923,0.39456500011671125,0.04578885002428813,0.43247589743307624,0.14924096279070637,0.7246911111510932
d1-omni,typed_agent_trace_observability,per_type,all,500,0.56,0.5897645089561717,0.9439929660775122,0.5424751275000472,0.029764508956171665,0.04694014840062649,0.058986706345650924,0.06205769640782007,0.05350549301578959,0.05825327578604637,500,0.29351442633990443,0.13224261114898142,0.4636853379466991,0.053407691055606214,0.4580995547476386,0.1547705028691083,0.7295211050844901,500,0.56,0.547113731563654,0.9116723530887253,0.5309445185130514,-0.012886268436346104,0.06791467472280303,0.06848562265558683,0.07948666622496213,0.07387394559748468,0.07387394559748478,500,0.22494914940795732,0.11344229376770618,0.4636853379466991,0.04216574716653839,0.41776334993959535,0.14731726042459597,0.7223437090774079
d1-omni,typed_agent_trace_observability,per_type,choice,200,0.565,0.5273554376871332,0.928431435356062,0.5337825399885283,-0.037644562312866725,0.046796963985787574,0.09639323146065643,0.092636663452544,0.07904469528343046,0.07549401847618095,200,0.2496474197291336,0.1194202432880729,0.41793167975003626,,,,,200,0.565,0.5322610027934447,0.9267330800486206,0.5329669150521008,-0.032738997206555265,0.05498911745278907,0.08462538121552114,0.08085043493558973,0.07257201685667236,0.07809216329108255,200,0.256127981831178,0.1212635325110074,0.41793167975003626,,,,
d1-omni,typed_agent_trace_observability,per_type,noul,100,0.79,0.7546430063247681,0.46052584789198114,0.3007657684228391,-0.03535699367523193,0.06616837054491044,0.09366247296333316,0.10111351162195205,0.06450052231550218,0.06718141168355943,100,0.09722388523431322,0.07774523220468832,0.6934333299999998,,,,,100,0.79,0.7176416681171875,0.47583545699855195,0.308469967876537,-0.07235833188281249,0.08174403117940233,0.1143860953664701,0.11591673396864889,0.07235833188281261,0.07428678777225314,100,0.08154901092880601,0.06907769912319517,0.6934333299999998,,,,
d1-omni,typed_agent_trace_observability,per_type,score,200,0.44,0.5697343315409121,1.2012880558917276,0.6720223945501703,0.12973433154091213,0.1514747881898318,0.1514747881898318,0.1560960302500557,0.15758880849013818,0.15883730129144616,200,0.43552670350347084,0.17231366848203641,0.39456500011671125,0.053407691055606214,0.4580995547476386,0.1547705028691083,0.7295211050844901,200,0.44,0.4767024920570965,1.1145300741739168,0.640159397292259,0.036702492057096525,0.09179767450802903,0.09911674781163263,0.10280442508259187,0.10434162953542461,0.09012999026860412,200,0.2654703862243122,0.1278033523466605,0.39456500011671125,0.04216574716653839,0.41776334993959535,0.14731726042459597,0.7223437090774079
d1-omni,typed_customer_service,global,all,500,0.632,0.7267559158210811,0.9553253158407108,0.5200958678975666,0.09475591582108112,0.09560280300796001,0.12105580717284714,0.12083168786764677,0.1053134084569421,0.1106565097606193,500,0.5053853147184496,0.21192125636848919,0.5467407303794071,0.08232720475684889,0.5103196797084956,0.13862698682370134,0.5419984291176049,500,0.632,0.6883335420872247,0.9105275129468493,0.5062651997698833,0.05633354208722474,0.05633354208722469,0.0843964461323261,0.09423881053302345,0.08455420819578822,0.0853552057984679,500,0.41194166847181646,0.18882028133505208,0.5467407303794071,0.0729441569896282,0.4831439893358376,0.13177266387966896,0.540391099111675
d1-omni,typed_customer_service,global,choice,200,0.685,0.7226351204315685,0.7483316228435691,0.4193700076699292,0.03763512043156847,0.05465175317064623,0.08990502103989995,0.08628411478543484,0.06472776818428295,0.09194515826586401,200,0.3615714262787818,0.14768199777205418,0.616901836448476,,,,,200,0.685,0.6882389796033672,0.7390177438001336,0.4147524635023764,0.0032389796033671647,0.06519672829453807,0.09561659707345675,0.09053635243540682,0.08030900227356821,0.0804850193958129,200,0.3012125535380491,0.1363569932984596,0.616901836448476,,,,
d1-omni,typed_customer_service,global,noul,100,0.7,0.6914683507382869,0.5876864787515843,0.40321623739091383,-0.008531649261713015,0.04740884080529211,0.04934760883450507,0.12468613639473913,0.0402373494207859,0.07398396745324134,100,0.12854105203087582,0.10740637280333598,0.62773333,,,,,100,0.7,0.6653936021432496,0.589588254769112,0.4045187411184272,-0.03460639785675035,0.059028707702488956,0.059028707702489046,0.12188191287617661,0.040450556697429,0.038441622097999686,100,0.11520502622188951,0.09969114807572016,0.62773333,,,,
d1-omni,typed_customer_service,global,score,200,0.545,0.7485204937519906,1.3461384273824155,0.6792615433785304,0.20352049375199055,0.20352049375199063,0.23287512546913364,0.23357039477195318,0.21589548098650108,0.23263639268557776,200,0.8376213345019045,0.3284179567475008,0.4360833245000415,0.08232720475684889,0.5103196797084956,0.13862698682370134,0.5419984291176049,200,0.545,0.6998980745430695,1.2425069111824336,0.6486511653631182,0.15489807454306947,0.1548980745430696,0.1883146417559786,0.18892543001583137,0.1870393130667498,0.18703931306674984,200,0.6710391045305473,0.2858481360013104,0.4360833245000415,0.0729441569896282,0.4831439893358376,0.13177266387966896,0.540391099111675
d1-omni,typed_customer_service,per_type,all,500,0.632,0.7267559158210811,0.9553253158407108,0.5200958678975666,0.09475591582108112,0.09560280300796001,0.12105580717284714,0.12083168786764677,0.1053134084569421,0.1106565097606193,500,0.5053853147184496,0.21192125636848919,0.5467407303794071,0.08232720475684889,0.5103196797084956,0.13862698682370134,0.5419984291176049,500,0.632,0.6947049558152232,0.9033363333494367,0.502310048230585,0.06270495581522317,0.07189389276033206,0.07738445717222502,0.08171698618770769,0.07972627770888108,0.07972627770888108,500,0.44092859347105784,0.18399495598047502,0.5467407303794071,0.06260195990106561,0.46034528861042673,0.12555088184957752,0.5475491964147499
d1-omni,typed_customer_service,per_type,choice,200,0.685,0.7226351204315685,0.7483316228435691,0.4193700076699292,0.03763512043156847,0.05465175317064623,0.08990502103989995,0.08628411478543484,0.06472776818428295,0.09194515826586401,200,0.3615714262787818,0.14768199777205418,0.616901836448476,,,,,200,0.685,0.773265441158176,0.8044064579620563,0.43609522871114637,0.08826544115817592,0.08879276966770892,0.11642306456199368,0.1174887859610131,0.10192382169742543,0.10664736709777536,200,0.5253802732131051,0.17379124258209835,0.616901836448476,,,,
d1-omni,typed_customer_service,per_type,noul,100,0.7,0.6914683507382869,0.5876864787515843,0.40321623739091383,-0.008531649261713015,0.04740884080529211,0.04934760883450507,0.12468613639473913,0.0402373494207859,0.07398396745324134,100,0.12854105203087582,0.10740637280333598,0.62773333,,,,,100,0.7,0.6680718577925948,0.58917637614236,0.40423156016493744,-0.03192814220740514,0.057821587013161604,0.057821587013161625,0.12217380544356804,0.055609790212558095,0.041910744699178375,100,0.1162871936495982,0.10034807833678532,0.62773333,,,,
d1-omni,typed_customer_service,per_type,score,200,0.545,0.7485204937519906,1.3461384273824155,0.6792615433785304,0.20352049375199055,0.20352049375199063,0.23287512546913364,0.23357039477195318,0.21589548098650108,0.23263639268557776,200,0.8376213345019045,0.3284179567475008,0.4360833245000415,0.08232720475684889,0.5103196797084956,0.13862698682370134,0.5419984291176049,200,0.545,0.6294610194835847,1.1593461873403554,0.6175641117828475,0.08446101948358464,0.09824201435561396,0.12286384633512856,0.12341318058797698,0.11813800629028753,0.11408850903485314,200,0.5187976136397405,0.23602210820069655,0.4360833245000415,0.06260195990106561,0.46034528861042673,0.12555088184957752,0.5475491964147499
d1-omni,typed_invoice_processing,global,all,500,0.564,0.6317551409292526,0.9437589763609875,0.5456579211372575,0.06775514092925261,0.07121394210658859,0.11799109597906332,0.1108751832413328,0.10359320259362147,0.11301987812679644,500,0.42764702619413875,0.2457719856070985,0.5356150943999868,0.12480903110023162,0.810736054565215,0.22102451667830067,1.035015820772697,500,0.564,0.5710372272377134,0.9297163736214424,0.5331882024452957,0.007037227237713495,0.04925141656839051,0.07467144597436481,0.09651905675523638,0.05408785616258233,0.06265672231630981,500,0.3974879876321309,0.2289514064341301,0.5356150943999868,0.11344770009905052,0.7787548792259872,0.21022690551009682,1.024928485723728
d1-omni,typed_invoice_processing,global,choice,100,0.53,0.4436917091451121,1.1368655799612881,0.6269865272766851,-0.08630829085488795,0.18851416395239662,0.1936872294494044,0.2232982762327025,0.14993400204567922,0.17285577899773935,100,0.44527820724980205,0.22916499314420818,0.4339919593633506,,,,,100,0.53,0.4006684593683687,1.1496399471254963,0.6391837836046521,-0.12933154063163133,0.19493051771104986,0.21132139045906173,0.21973067403448784,0.12933154063163121,0.12933154063163124,100,0.42192974728392074,0.2273840473730951,0.4339919593633506,,,,
d1-omni,typed_invoice_processing,global,noul,200,0.745,0.7911766372434795,0.42970083286349947,0.29911621571718966,0.046176637243479535,0.07317401396110654,0.09474236356094479,0.08730134787037969,0.07834010051563384,0.07170039677992464,200,0.22168469043513625,0.17375722656165862,0.73917497,,,,,200,0.745,0.7482660051899379,0.4378992789741556,0.2948799048160216,0.003266005189937915,0.06635151255621846,0.09654759869054197,0.09852354423824654,0.0674768507014179,0.07674430766646746,200,0.22314305034419568,0.1697475830367241,0.73917497,,,,
d1-omni,typed_invoice_processing,global,score,200,0.4,0.5663653605070956,1.3612638180583252,0.7515353234876114,0.1663653605070956,0.1663653605070957,0.1663653605070957,0.17789480757962783,0.16636536050709574,0.16898896883076855,200,0.6247937714253097,0.3260902408839836,0.38286678631829174,0.12480903110023162,0.810736054565215,0.22102451667830067,1.035015820772697,200,0.4,0.4789928332201614,1.3115716815167024,0.7184987094948915,0.07899283322016137,0.07899283322016132,0.10592238724885725,0.1273154765478235,0.0827294808350589,0.08272948083505886,200,0.5596120450941712,0.2889389093620537,0.38286678631829174,0.11344770009905052,0.7787548792259872,0.21022690551009682,1.024928485723728
d1-omni,typed_invoice_processing,per_type,all,500,0.564,0.6317551409292526,0.9437589763609875,0.5456579211372575,0.06775514092925261,0.07121394210658859,0.11799109597906332,0.1108751832413328,0.10359320259362147,0.11301987812679644,500,0.42764702619413875,0.2457719856070985,0.5356150943999868,0.12480903110023162,0.810736054565215,0.22102451667830067,1.035015820772697,500,0.564,0.565426273397617,0.9212612145100327,0.5266291280815766,0.0014262733976170283,0.03320518326843238,0.042494152016354286,0.06245456883463837,0.03314275818323499,0.04729942754950639,500,0.39571240880402536,0.22483156455649828,0.5356150943999868,0.10908613798516609,0.7662712033613758,0.20628939195752363,1.0191926073513082
d1-omni,typed_invoice_processing,per_type,choice,100,0.53,0.4436917091451121,1.1368655799612881,0.6269865272766851,-0.08630829085488795,0.18851416395239662,0.1936872294494044,0.2232982762327025,0.14993400204567922,0.17285577899773935,100,0.44527820724980205,0.22916499314420818,0.4339919593633506,,,,,100,0.53,0.45759953839231365,1.1375828624978415,0.6242301987462929,-0.07240046160768637,0.16670100842294489,0.17917473723331226,0.2040035120135438,0.07240046160768633,0.10790801327386523,100,0.45877417952822286,0.2309713965610551,0.4339919593633506,,,,
d1-omni,typed_invoice_processing,per_type,noul,200,0.745,0.7911766372434795,0.42970083286349947,0.29911621571718966,0.046176637243479535,0.07317401396110654,0.09474236356094479,0.08730134787037969,0.07834010051563384,0.07170039677992464,200,0.22168469043513625,0.17375722656165862,0.73917497,,,,,200,0.745,0.7619273121402814,0.4332144738394468,0.2949080619309784,0.016927312140281425,0.06702546087781355,0.09089359567379328,0.0932279456129527,0.06265980638228923,0.10070625076412346,200,0.2203114193775532,0.16982186442227412,0.73917497,,,,
d1-omni,typed_invoice_processing,per_type,score,200,0.4,0.5663653605070956,1.3612638180583252,0.7515353234876114,0.1663653605070956,0.1663653605070957,0.1663653605070957,0.17789480757962783,0.16636536050709574,0.16898896883076855,200,0.6247937714253097,0.3260902408839836,0.38286678631829174,0.12480903110023162,0.810736054565215,0.22102451667830067,1.035015820772697,200,0.4,0.4228386021576041,1.3011471311867142,0.7095496588998165,0.022838602157604082,0.05284439350553619,0.0900776844743765,0.11182265000306521,0.03213754469510993,0.027406516993802244,200,0.5395825128683988,0.276771348688444,0.38286678631829174,0.10908613798516609,0.7662712033613758,0.20628939195752363,1.0191926073513082
d1-omni,typed_security_incidents,global,all,500,0.552,0.5681644853225934,0.9305989115452258,0.5531620583356799,0.016164485322593403,0.046615237872441026,0.0622826713946161,0.07699423985322283,0.029240553854015285,0.05171676623474404,500,0.21740278032503868,0.11622349624075634,0.47411668485003067,0.03331609712755544,0.4133955375315925,0.11967034582257868,0.6566235198503727,500,0.552,0.5041508709383554,0.9488287740768692,0.5588809658839133,-0.047849129061644624,0.052789882609882335,0.0809543436276879,0.08853346438909827,0.0696855974331876,0.0677580472399768,500,0.18266511557416357,0.09957699963125213,0.47411668485003067,0.032699154847291224,0.43573495135700085,0.1254434842189551,0.69004626629654
d1-omni,typed_security_incidents,global,choice,100,0.65,0.47560088133579137,0.9772675440251999,0.5225646532339695,-0.17439911866420865,0.17510558567709114,0.18852124349142263,0.19720424704727355,0.18031458607170942,0.17439911866420862,100,0.22555901793672614,0.10430841931638928,0.4649666963667056,,,,,100,0.65,0.402774901468237,1.0676514344161285,0.5749133522652629,-0.247225098531763,0.24722509853176303,0.24808619171923632,0.25954421243232983,0.247225098531763,0.24722509853176303,100,0.22882103006215007,0.10804715820710717,0.4649666963667056,,,,
d1-omni,typed_security_incidents,global,noul,200,0.645,0.7043936561699957,0.6708459291773826,0.4611215709875846,0.0593936561699957,0.08002931020222606,0.10007409653626381,0.10372552148066459,0.06946852094493808,0.06423487029038369,200,0.1470926061975093,0.10866498943654333,0.5911500000000001,,,,,200,0.645,0.652058365640437,0.6470013830016502,0.4517218565257477,0.007058365640436937,0.05138792364098092,0.07040011890533755,0.08328209841684574,0.05452048694139818,0.0497016114583712,200,0.10006720205554002,0.08430988053127213,0.5911500000000001,,,,
d1-omni,typed_security_incidents,global,score,200,0.41,0.47821711646859255,1.1670175776730818,0.6605012482346301,0.06821711646859258,0.07035985880226844,0.09094665544443649,0.1252535557350876,0.07162214921985026,0.07834118586882699,200,0.28363483564672437,0.12973954150715286,0.3616583639417239,0.03331609712755544,0.4133955375315925,0.11967034582257868,0.6566235198503727,200,0.41,0.4069313609713332,1.1912448349824583,0.6580238820514039,-0.0030686390286667753,0.046738288409897334,0.05865852923160116,0.09971626238250604,0.03601028498184744,0.03950886413488873,200,0.24218507184879381,0.11060903944330462,0.3616583639417239,0.032699154847291224,0.43573495135700085,0.1254434842189551,0.69004626629654
d1-omni,typed_security_incidents,per_type,all,500,0.552,0.5681644853225934,0.9305989115452258,0.5531620583356799,0.016164485322593403,0.046615237872441026,0.0622826713946161,0.07699423985322283,0.029240553854015285,0.05171676623474404,500,0.21740278032503868,0.11622349624075634,0.47411668485003067,0.03331609712755544,0.4133955375315925,0.11967034582257868,0.6566235198503727,500,0.552,0.5200105819221887,0.9621156476909785,0.5584434219309807,-0.031989418077811305,0.06635668953924093,0.0689014813688412,0.07891201330153944,0.0672613984633848,0.08268553778241795,500,0.20561157226552423,0.10925623781264474,0.47411668485003067,0.035831291618463317,0.47336342048588437,0.13382985019050514,0.7306709506431526
d1-omni,typed_security_incidents,per_type,choice,100,0.65,0.47560088133579137,0.9772675440251999,0.5225646532339695,-0.17439911866420865,0.17510558567709114,0.18852124349142263,0.19720424704727355,0.18031458607170942,0.17439911866420862,100,0.22555901793672614,0.10430841931638928,0.4649666963667056,,,,,100,0.65,0.46897667852642444,0.9842866740832633,0.5265601106800499,-0.18102332147357558,0.18102332147357544,0.1863935930984844,0.20285450905417157,0.18691212864309034,0.18102332147357547,100,0.2244270524150706,0.10393966278627138,0.4649666963667056,,,,
d1-omni,typed_security_incidents,per_type,noul,200,0.645,0.7043936561699957,0.6708459291773826,0.4611215709875846,0.0593936561699957,0.08002931020222606,0.10007409653626381,0.10372552148066459,0.06946852094493808,0.06423487029038369,200,0.1470926061975093,0.10866498943654333,0.5911500000000001,,,,,200,0.645,0.7094371404269484,0.6746821903602447,0.4625671581643006,0.06443714042694837,0.08260802457605583,0.10292951622592392,0.10588465455406101,0.06443714042694823,0.09150751332340148,200,0.15347866138538085,0.111520494821537,0.5911500000000001,,,,
d1-omni,typed_security_incidents,per_type,score,200,0.41,0.47821711646859255,1.1670175776730818,0.6605012482346301,0.06821711646859258,0.07035985880226844,0.09094665544443649,0.1252535557350876,0.07162214921985026,0.07834118586882699,200,0.28363483564672437,0.12973954150715286,0.3616583639417239,0.03331609712755544,0.4133955375315925,0.11967034582257868,0.6566235198503727,200,0.41,0.35610097511531164,1.2384635918255698,0.6702613413231265,-0.05389902488468834,0.06669418944277807,0.06873854217178633,0.09006568828758686,0.06446435048480469,0.0836474295125258,200,0.24833674307089443,0.10965026831693919,0.3616583639417239,0.035831291618463317,0.47336342048588437,0.13382985019050514,0.7306709506431526
d1-3b,typed_agent_trace_observability,global,all,500,0.542,0.5946821955929181,1.034148814967429,0.5761100341912364,0.05268219559291809,0.08428610217562277,0.08608874713458368,0.10658810366652434,0.07781088980240011,0.1027986731365085,500,0.31854069902260185,0.15472328709484623,0.4622593178000385,0.03871809957479369,0.3491209823622745,0.12367951041005554,0.589622145430862,500,0.542,0.5854006803936679,1.0297374334043568,0.5744913577397881,0.043400680393667845,0.08582398621658621,0.08582398621658631,0.10372038733813299,0.06981235181113585,0.10061487967303478,500,0.3073065698904234,0.1504388537163289,0.4622593178000385,0.03814517053418256,0.3483081124942576,0.12402848225374216,0.5955436750710349
d1-3b,typed_agent_trace_observability,global,choice,200,0.435,0.5759336374567708,1.3351479382279885,0.7056823694649875,0.14093363745677084,0.14093363745677082,0.15612993490452054,0.1691065394298058,0.14093363745677084,0.16830508207970607,200,0.4884427604854878,0.22566185848914913,0.36996663651670586,,,,,200,0.435,0.5649787401539623,1.322101939703829,0.7015358778440917,0.12997874015396232,0.1299787401539624,0.14633705530228006,0.15044498729211622,0.12997874015396235,0.15258225923008434,200,0.46983717432895616,0.2188648523556882,0.36996663651670586,,,,
d1-3b,typed_agent_trace_observability,global,noul,100,0.79,0.7248567354607168,0.44311291131725966,0.28551421458521514,-0.06514326453928321,0.06514326453928324,0.11975722598688188,0.17833288118622737,0.0651432645392832,0.08232825686597807,100,0.07706629416512253,0.06427324063172798,0.6817666899999999,,,,,100,0.79,0.7183293286634651,0.44739936886220355,0.2877140223773135,-0.07167067133653493,0.07167067133653485,0.12490543976281834,0.1828395730925705,0.0990560410653543,0.10990428573590849,100,0.0750931647888955,0.06316222474381561,0.6817666899999999,,,,
d1-3b,typed_agent_trace_observability,global,score,200,0.525,0.5483434837951658,1.0286676435319537,0.5918356087204961,0.02334348379516582,0.14085662685890044,0.1474002513585892,0.1501313635998845,0.09838989808864135,0.1302001705136109,200,0.26937583998845566,0.12900973893210244,0.44479831298339034,0.03871809957479369,0.3491209823622745,0.12367951041005554,0.589622145430862,200,0.525,0.5393582964984748,1.0285419593759613,0.5908355053167217,0.014358296498474754,0.13681441530691943,0.14481750214339612,0.14466575022092287,0.09604978363867456,0.13722462163365454,200,0.2608826680026544,0.12565116956322625,0.44479831298339034,0.03814517053418256,0.3483081124942576,0.12402848225374216,0.5955436750710349
d1-3b,typed_agent_trace_observability,per_type,all,500,0.542,0.5946821955929181,1.034148814967429,0.5761100341912364,0.05268219559291809,0.08428610217562277,0.08608874713458368,0.10658810366652434,0.07781088980240011,0.1027986731365085,500,0.31854069902260185,0.15472328709484623,0.4622593178000385,0.03871809957479369,0.3491209823622745,0.12367951041005554,0.589622145430862,500,0.542,0.5877462129659421,1.0364117874761152,0.5771260566487747,0.04574621296594206,0.08472112581022131,0.08515065899224297,0.10778011958708271,0.07245734847340263,0.10500296359490231,500,0.31446893781407237,0.15296464650303054,0.4622593178000385,0.03827066840908929,0.3484256426185827,0.1239422002899868,0.5941795716321436
d1-3b,typed_agent_trace_observability,per_type,choice,200,0.435,0.5759336374567708,1.3351479382279885,0.7056823694649875,0.14093363745677084,0.14093363745677082,0.15612993490452054,0.1691065394298058,0.14093363745677084,0.16830508207970607,200,0.4884427604854878,0.22566185848914913,0.36996663651670586,,,,,200,0.435,0.5752457909942509,1.3342911528937937,0.7054120592582884,0.14024579099425089,0.1402457909942509,0.15551551676456,0.16856215190314086,0.14024579099425094,0.16779954640021563,200,0.4872318587714322,0.2252257406645339,0.36996663651670586,,,,
d1-3b,typed_agent_trace_observability,per_type,noul,100,0.79,0.7248567354607168,0.44311291131725966,0.28551421458521514,-0.06514326453928321,0.06514326453928324,0.11975722598688188,0.17833288118622737,0.0651432645392832,0.08232825686597807,100,0.07706629416512253,0.06427324063172798,0.6817666899999999,,,,,100,0.79,0.7054342115895155,0.45647378288796703,0.29272682254075727,-0.08456578841048457,0.08456578841048465,0.1351939598447692,0.1918843438524114,0.1004906072843319,0.11520621445473443,100,0.07244274135141426,0.06158231996566936,0.6817666899999999,,,,
d1-3b,typed_agent_trace_observability,per_type,score,200,0.525,0.5483434837951658,1.0286676435319537,0.5918356087204961,0.02334348379516582,0.14085662685890044,0.1474002513585892,0.1501313635998845,0.09838989808864135,0.1302001705136109,200,0.26937583998845566,0.12900973893210244,0.44479831298339034,0.03871809957479369,0.3491209823622745,0.12367951041005554,0.589622145430862,200,0.525,0.5414026356258463,1.028501424352511,0.5910396710932699,0.016402635625846318,0.13774284488156868,0.1454124833381497,0.15534791961522362,0.10155669409543508,0.14218591447438222,200,0.2627191150880416,0.12639471561020776,0.44479831298339034,0.03827066840908929,0.3484256426185827,0.1239422002899868,0.5941795716321436
d1-3b,typed_customer_service,global,all,500,0.678,0.7009574710011921,0.7219196266734323,0.4110004601301779,0.022957471001192054,0.030112956944076806,0.04470741877215676,0.04862706796852705,0.02888070598563611,0.02803170551336107,500,0.2880240490222824,0.1401259341287545,0.5693068748360953,0.041703146996761295,0.36611678072142906,0.08718901397096576,0.43134494585288474,500,0.678,0.6724622243848997,0.7260384099096653,0.4109807126998844,-0.005537775615100382,0.02976071729331615,0.04139803508391924,0.04047013193524769,0.02851468044310481,0.04291301445313578,500,0.25575381824005616,0.12885648149745102,0.5693068748360953,0.038940433559964266,0.3565179464275353,0.08723043573387368,0.43841739579366423
d1-3b,typed_customer_service,global,choice,200,0.695,0.7201762688949429,0.7581605305065929,0.40444680953309586,0.025176268894942955,0.05527318737374847,0.06339161667882653,0.08472375858062227,0.060692512455041835,0.07598332116684361,200,0.33968645427929217,0.16030009645367285,0.6017838572568407,,,,,200,0.695,0.6902783481337919,0.7583494431501641,0.4027978603757974,-0.004721651866208099,0.056524865392083755,0.06384657002172654,0.07723072887782845,0.06255065050321158,0.07220292813993932,200,0.3075173129014115,0.14980048729613812,0.6017838572568407,,,,
d1-3b,typed_customer_service,global,noul,100,0.72,0.7842816539723532,0.5409683416159351,0.36139027076272323,0.06428165397235319,0.12187103827647738,0.15225598488912898,0.1377490560784095,0.07965996873603266,0.09579829569288237,100,0.14739395216193332,0.11759118443545365,0.62973333,,,,,100,0.72,0.7599843705952664,0.5372881612438953,0.35837556460625974,0.03998437059526638,0.12007916330251729,0.1498359044962949,0.1409036898543586,0.05428895379586044,0.0991446075422909,100,0.12505027279747263,0.10436918145740591,0.62973333,,,,
d1-3b,typed_customer_service,global,score,200,0.64,0.6400765816218607,0.7761543653690204,0.44235920541098744,7.658162186063855e-05,0.04834219378220052,0.058857444390373645,0.06929702469967143,0.04461091794442344,0.06239167148170686,200,0.30667669219544713,0.1312191466504865,0.5066166648333974,0.041703146996761295,0.36611678072142906,0.08718901397096576,0.43134494585288474,200,0.64,0.610885027530824,0.7881025010020515,0.44546613907078375,-0.029114972469176048,0.06069496195408197,0.07123436132924747,0.07705499403200353,0.04492561499219942,0.06921778734620282,200,0.2693420962999925,0.12015612571878653,0.5066166648333974,0.038940433559964266,0.3565179464275353,0.08723043573387368,0.43841739579366423
d1-3b,typed_customer_service,per_type,all,500,0.678,0.7009574710011921,0.7219196266734323,0.4110004601301779,0.022957471001192054,0.030112956944076806,0.04470741877215676,0.04862706796852705,0.02888070598563611,0.02803170551336107,500,0.2880240490222824,0.1401259341287545,0.5693068748360953,0.041703146996761295,0.36611678072142906,0.08718901397096576,0.43134494585288474,500,0.678,0.6689348301391672,0.7278319689303696,0.4112225323276564,-0.009065169860832833,0.022811136223192117,0.031358150056337,0.03831777370512363,0.036192834556836584,0.03948731549439873,500,0.2565640159275922,0.12924609406524065,0.5693068748360953,0.03975340225261728,0.3593098034375106,0.08715046638649213,0.4360962156586614
d1-3b,typed_customer_service,per_type,choice,200,0.695,0.7201762688949429,0.7581605305065929,0.40444680953309586,0.025176268894942955,0.05527318737374847,0.06339161667882653,0.08472375858062227,0.060692512455041835,0.07598332116684361,200,0.33968645427929217,0.16030009645367285,0.6017838572568407,,,,,200,0.695,0.6640710935109034,0.7662297480232729,0.40381699318109143,-0.03092890648909652,0.06921177125952664,0.06921177125952666,0.08990266548377966,0.04917984722134811,0.09125909999450968,200,0.2920553019607353,0.14323500744242884,0.6017838572568407,,,,
d1-3b,typed_customer_service,per_type,noul,100,0.72,0.7842816539723532,0.5409683416159351,0.36139027076272323,0.06428165397235319,0.12187103827647738,0.15225598488912898,0.1377490560784095,0.07965996873603266,0.09579829569288237,100,0.14739395216193332,0.11759118443545365,0.62973333,,,,,100,0.72,0.7765982683429692,0.5392801727056802,0.36014180198631857,0.056598268342969216,0.1212874203464895,0.15143888378031437,0.13794257484061273,0.06702812581067406,0.1021117452097842,100,0.1395686324636832,0.11313515839544454,0.62973333,,,,
d1-3b,typed_customer_service,per_type,score,200,0.64,0.6400765816218607,0.7761543653690204,0.44235920541098744,7.658162186063855e-05,0.04834219378220052,0.058857444390373645,0.06929702469967143,0.04461091794442344,0.06239167148170686,200,0.30667669219544713,0.1312191466504865,0.5066166648333974,0.041703146996761295,0.36611678072142906,0.08718901397096576,0.43134494585288474,200,0.64,0.6199668476655298,0.7837100879498108,0.44416843664489036,-0.020033152334470228,0.05674200322977002,0.06165506968098267,0.07020901120370783,0.04788092414057028,0.07422251049918993,200,0.27957042162640355,0.12331264852295046,0.5066166648333974,0.03975340225261728,0.3593098034375106,0.08715046638649213,0.4360962156586614
d1-3b,typed_invoice_processing,global,all,500,0.744,0.7586584306296468,0.6592887915003826,0.36237035273053825,0.01465843062964678,0.036976911931426035,0.05463289783197575,0.058971255265610895,0.04290091356013079,0.06019059463961168,500,0.3392331013007587,0.16137626384240458,0.6557328141929797,0.07288691765505165,0.47136215784452645,0.13321673383970212,0.5885857385451689,500,0.744,0.7415133634263329,0.6558798654916256,0.3616985187692842,-0.0024866365736671003,0.037114695497835234,0.06212631684085439,0.05341299765919528,0.036351481191480794,0.06418042233571596,500,0.3159321890780478,0.15587133234752226,0.6557328141929797,0.07010031397457693,0.46592832570955517,0.13149380766035276,0.5946744793175271
d1-3b,typed_invoice_processing,global,choice,100,0.64,0.695676345447866,0.8455250331236496,0.46251721715162347,0.05567634544786604,0.08683999346570885,0.10884530293827134,0.1788565435556807,0.10300546170129989,0.11694155059433509,100,0.40218161388888674,0.19747595153889175,0.5123152877633774,,,,,100,0.64,0.6724346575797986,0.8445960320779933,0.45970156142537233,0.032434657579798576,0.07546252208962487,0.10539068477933161,0.17295475924767462,0.10683803916785177,0.11143160108991479,100,0.37158802430122556,0.18631516474856613,0.5123152877633774,,,,
d1-3b,typed_invoice_processing,global,noul,200,0.91,0.8354431025220728,0.25141614932898,0.13549196491362925,-0.07455689747792726,0.07455689747792715,0.07568998416605086,0.09670076421395392,0.08178985024368098,0.09829903316173282,200,0.11263813760175057,0.06762772216400154,0.8584749899999999,,,,,200,0.91,0.8210161694274893,0.2640237749424925,0.14102200286152825,-0.08898383057251069,0.08898383057251066,0.0892587516766422,0.10744735972880001,0.09110319778343975,0.11130651274806601,200,0.11792210392662135,0.07030608200952045,0.8584749899999999,,,,
d1-3b,typed_invoice_processing,global,score,200,0.63,0.7133648013281111,0.9740433128601516,0.5391753083369046,0.08336480132811108,0.14019959949252722,0.15404075954420104,0.16690373199306135,0.15186548664761695,0.16993118151376863,200,0.5343538087057027,0.23707496167256406,0.5246994016007607,0.07288691765505165,0.47136215784452645,0.13321673383970212,0.5885857385451689,200,0.63,0.6965499103484436,0.9533778727475749,0.5333735133489962,0.0665499103484436,0.13362398135686387,0.13394513214700837,0.17084012600489745,0.14398070077127578,0.17682982922957333,200,0.4861143566178855,0.22621466648500213,0.5246994016007607,0.07010031397457693,0.46592832570955517,0.13149380766035276,0.5946744793175271
d1-3b,typed_invoice_processing,per_type,all,500,0.744,0.7586584306296468,0.6592887915003826,0.36237035273053825,0.01465843062964678,0.036976911931426035,0.05463289783197575,0.058971255265610895,0.04290091356013079,0.06019059463961168,500,0.3392331013007587,0.16137626384240458,0.6557328141929797,0.07288691765505165,0.47136215784452645,0.13321673383970212,0.5885857385451689,500,0.744,0.7353299170647273,0.7116204741343983,0.3794433580825379,-0.008670082935272716,0.09569004673796706,0.11795951487064663,0.11222017623119893,0.10944550402740177,0.11128941850041923,500,0.3955216821451141,0.17333624174227014,0.6557328141929797,0.07880847304295777,0.4846885772460437,0.1370751173357511,0.5770346750793568
d1-3b,typed_invoice_processing,per_type,choice,100,0.64,0.695676345447866,0.8455250331236496,0.46251721715162347,0.05567634544786604,0.08683999346570885,0.10884530293827134,0.1788565435556807,0.10300546170129989,0.11694155059433509,100,0.40218161388888674,0.19747595153889175,0.5123152877633774,,,,,100,0.64,0.6404529244930931,0.850061802928789,0.45912543952333906,0.0004529244930930876,0.07296766293612861,0.11061192198044623,0.16605893419233952,0.09380016644023904,0.09549298916035906,100,0.34072821142959664,0.17363783453913292,0.5123152877633774,,,,
d1-3b,typed_invoice_processing,per_type,noul,200,0.91,0.8354431025220728,0.25141614932898,0.13549196491362925,-0.07455689747792726,0.07455689747792715,0.07568998416605086,0.09670076421395392,0.08178985024368098,0.09829903316173282,200,0.11263813760175057,0.06762772216400154,0.8584749899999999,,,,,200,0.91,0.7710612615763588,0.3126546503022215,0.16689251675948846,-0.13893873842364124,0.13893873842364107,0.1389387384236411,0.15408450554628556,0.13893873842364104,0.14230637941792432,200,0.14606319599509401,0.08623880380560772,0.8584749899999999,,,,
d1-3b,typed_invoice_processing,per_type,score,200,0.63,0.7133648013281111,0.9740433128601516,0.5391753083369046,0.08336480132811108,0.14019959949252722,0.15404075954420104,0.16690373199306135,0.15186548664761695,0.16993118151376863,200,0.5343538087057027,0.23707496167256406,0.5246994016007607,0.07288691765505165,0.47136215784452645,0.13321673383970212,0.5885857385451689,200,0.63,0.7470370688389127,1.0413656335693802,0.5521531586851868,0.11703706883891274,0.14032000553979865,0.1694285281603707,0.18325998686127265,0.1499241408967797,0.1750443249616774,200,0.6723769036528929,0.2602828832805012,0.5246994016007607,0.07880847304295777,0.4846885772460437,0.1370751173357511,0.5770346750793568
d1-3b,typed_security_incidents,global,all,500,0.646,0.652346495922269,0.8127295378421576,0.4869744676460557,0.006346495922268991,0.08001507817396758,0.0860880100592348,0.08227643035174283,0.08457991921074252,0.08857686902635868,500,0.21053496834905075,0.12015754187398396,0.511796671183375,0.02128090514358293,0.3067694895824495,0.0969168264665362,0.53893707374917,500,0.646,0.6270614056538105,0.8156546949212393,0.48682494372089974,-0.018938594346189497,0.07338647915926916,0.08471888302377642,0.09448475618717847,0.08085048440286485,0.08472076017284211,500,0.1824445372922539,0.10752384578402038,0.511796671183375,0.02057646549812584,0.30560918393801895,0.0988747743574426,0.5466583899386115
d1-3b,typed_security_incidents,global,choice,100,0.71,0.6826028378157715,0.764042175554749,0.42334423676518085,-0.027397162184228496,0.06314000467700856,0.08206554750513528,0.13308289097761936,0.04881843819563771,0.0758492359080926,100,0.24291609753257312,0.1342631896381485,0.4891666694333787,,,,,100,0.71,0.6432589871115547,0.7816147162679973,0.42889780161063557,-0.06674101288844525,0.09428475277780224,0.11867100770004362,0.14823634430514057,0.06958588149451353,0.1224254809442087,100,0.2040920873748491,0.11370494558034451,0.4891666694333787,,,,
d1-3b,typed_security_incidents,global,noul,200,0.695,0.8161553976360943,0.6579760884348653,0.4361354028072489,0.1211553976360944,0.12115539763609427,0.12115539763609431,0.12324564752073931,0.12115539763609429,0.12115539763609424,200,0.23890728325122076,0.15280188890790375,0.6036500300000001,,,,,200,0.695,0.7949031375270097,0.6345565159340932,0.4266317708301825,0.09990313752700974,0.09990313752700966,0.09990313752700963,0.10729632185056966,0.09990313752700958,0.10448734632777656,200,0.19562429602730344,0.13493160170221563,0.6036500300000001,,,,
d1-3b,typed_security_incidents,global,score,200,0.565,0.47340942326169255,0.9918266683931543,0.5696286479252999,-0.0915905767383074,0.09159057673830742,0.10030772795816094,0.12360736931820292,0.10148537409385205,0.10877183078853621,200,0.16597208885511958,0.0804603709579819,0.431258313241748,0.02128090514358293,0.3067694895824495,0.0969168264665362,0.53893707374917,200,0.565,0.45112088305173925,1.013772863235006,0.5759816876667491,-0.1138791169482607,0.11387911694826072,0.11387911694826074,0.12030942281156218,0.11813566165465303,0.1243260956275658,200,0.15844100351590673,0.07702553996766306,0.431258313241748,0.02057646549812584,0.30560918393801895,0.0988747743574426,0.5466583899386115
d1-3b,typed_security_incidents,per_type,all,500,0.646,0.652346495922269,0.8127295378421576,0.4869744676460557,0.006346495922268991,0.08001507817396758,0.0860880100592348,0.08227643035174283,0.08457991921074252,0.08857686902635868,500,0.21053496834905075,0.12015754187398396,0.511796671183375,0.02128090514358293,0.3067694895824495,0.0969168264665362,0.53893707374917,500,0.646,0.6481344260651674,0.8758337179130526,0.5062982737792399,0.0021344260651673386,0.12848983502349423,0.12848983502349426,0.12848983502349426,0.12667200197185208,0.12877280911055822,500,0.26657371126102625,0.13295604406496592,0.511796671183375,0.020487175381284067,0.3057394817901013,0.09937838575099464,0.5486808993087157
d1-3b,typed_security_incidents,per_type,choice,100,0.71,0.6826028378157715,0.764042175554749,0.42334423676518085,-0.027397162184228496,0.06314000467700856,0.08206554750513528,0.13308289097761936,0.04881843819563771,0.0758492359080926,100,0.24291609753257312,0.1342631896381485,0.4891666694333787,,,,,100,0.71,0.605788132387562,0.8051121172315685,0.4383302237804512,-0.10421186761243795,0.11372057544691974,0.12406553734134491,0.16703193272931754,0.10610253068256484,0.13431740889115132,100,0.17889668747227258,0.09833683981175413,0.4891666694333787,,,,
d1-3b,typed_security_incidents,per_type,noul,200,0.695,0.8161553976360943,0.6579760884348653,0.4361354028072489,0.1211553976360944,0.12115539763609427,0.12115539763609431,0.12324564752073931,0.12115539763609429,0.12115539763609424,200,0.23890728325122076,0.15280188890790375,0.6036500300000001,,,,,200,0.695,0.8710760513711827,0.768057260491255,0.46900372106991806,0.17607605137118276,0.1760760513711827,0.17607605137118268,0.1760760513711828,0.1773920940133316,0.177555813585927,200,0.41937421533041963,0.20670565523042592,0.6036500300000001,,,,
d1-3b,typed_security_incidents,per_type,score,200,0.565,0.47340942326169255,0.9918266683931543,0.5696286479252999,-0.0915905767383074,0.09159057673830742,0.10030772795816094,0.12360736931820292,0.10148537409385205,0.10877183078853621,200,0.16597208885511958,0.0804603709579819,0.431258313241748,0.02128090514358293,0.3067694895824495,0.0969168264665362,0.53893707374917,200,0.565,0.4463659475979545,1.0189709756755922,0.5775768514879559,-0.11863405240204544,0.11863405240204548,0.11863405240204546,0.1242146014209177,0.1280974470265812,0.12866771629203075,200,0.15761171908600966,0.07651603502611183,0.431258313241748,0.020487175381284067,0.3057394817901013,0.09937838575099464,0.5486808993087157
