domain,metric,direction,delta,ci_low,ci_high,B
ood_agnews_balanced,accuracy,d1-3b minus d1-omni,0.03200000000000003,0.016000000000000014,0.049000000000000044,1000
ood_agnews_balanced,ece_mass_15,d1-3b minus d1-omni,0.004217501558843588,-0.016746160085709432,0.019443357499900046,1000
ood_agnews_balanced,nll,d1-3b minus d1-omni,-0.061235716903840554,-0.09846737856553259,-0.024538855282522712,1000
ood_agnews_balanced,brier,d1-3b minus d1-omni,-0.03672689535322832,-0.05459007433676337,-0.018909286769394417,1000
ood_rotten_balanced_v2,accuracy,d1-3b minus d1-omni,0.01200000000000001,-0.018000000000000016,0.040000000000000036,1000
ood_rotten_balanced_v2,ece_mass_15,d1-3b minus d1-omni,-0.031133951536984367,-0.05407142732883153,0.0006624237612065184,1000
ood_rotten_balanced_v2,nll,d1-3b minus d1-omni,-0.06754887859559533,-0.13037306415223351,-0.0060673226226077084,1000
ood_rotten_balanced_v2,brier,d1-3b minus d1-omni,-0.03538468974348513,-0.06998125399710599,0.0012092509012616253,1000
ood_sst2_balanced_v2,accuracy,d1-3b minus d1-omni,0.025999999999999912,0.0020000000000000018,0.04999999999999993,1000
ood_sst2_balanced_v2,ece_mass_15,d1-3b minus d1-omni,0.009589832706647552,-0.018565087619207218,0.03256254541030882,1000
ood_sst2_balanced_v2,nll,d1-3b minus d1-omni,-0.06506084809973284,-0.1220688520867606,-0.013344115797336645,1000
ood_sst2_balanced_v2,brier,d1-3b minus d1-omni,-0.03842487046365556,-0.06987814253951287,-0.009523018317715461,1000
ood_yelp_rating,accuracy,d1-3b minus d1-omni,-0.0030000000000000027,-0.031000000000000028,0.021024999999999995,1000
ood_yelp_rating,ece_mass_15,d1-3b minus d1-omni,0.02135636733533596,-0.00816726714697225,0.05230433486918076,1000
ood_yelp_rating,nll,d1-3b minus d1-omni,0.015636015177272977,-0.02091889952679007,0.05200875041570534,1000
ood_yelp_rating,brier,d1-3b minus d1-omni,0.022146058499154186,0.0010807187251426612,0.042618317143974675,1000
