model,domain,row_id,question,qtype,gold_idx,pred_idx,labels_json,probs_json,gold_probs_json
d1-3b,typed_agent_trace_observability,agent_trace_observability_000000,action,choice,0,0,"[""continue"", ""human_review"", ""observe"", ""stop""]","[0.7895742431612763, 0.07007869798521106, 0.04152025446107213, 0.09882680439244058]","[0.583333, 0.29, 0.09, 0.036667]"
d1-3b,typed_agent_trace_observability,agent_trace_observability_000000,needs_review,noul,0,0,"[""false"", ""true""]","[0.9381240142763573, 0.061875985723642724]","[0.643333, 0.356667]"
d1-3b,typed_agent_trace_observability,agent_trace_observability_000000,outcome,choice,3,3,"[""failure"", ""harmful"", ""partial"", ""success""]","[0.24522325941127615, 0.010280964293525353, 0.3004538180587285, 0.44404195823647]","[0.073333, 0.003333, 0.316667, 0.606667]"
d1-3b,typed_agent_trace_observability,agent_trace_observability_000000,risk,score,1,1,"[""0"", ""1"", ""2"", ""3""]","[0.31056646509038666, 0.4589874817112756, 0.07670450459711917, 0.1537415486012185]","[0.3, 0.616667, 0.076667, 0.006667]"
d1-3b,typed_agent_trace_observability,agent_trace_observability_000000,urgency,score,0,1,"[""0"", ""1"", ""2"", ""3""]","[0.21272917480227235, 0.5873640863617753, 0.08867871345261771, 0.11122802538333477]","[0.533333, 0.383333, 0.076667, 0.006667]"
d1-3b,typed_customer_service,customer_service_000000,action,choice,0,4,"[""answer_directly"", ""close_no_action"", ""escalate_to_human"", ""execute_refund"", ""request_information""]","[0.08940382076892273, 0.03237991810862766, 0.3853303117960136, 0.049373479073573104, 0.4435124702528629]","[0.5, 0.023333, 0.336667, 0.04, 0.1]"
d1-3b,typed_customer_service,customer_service_000000,category,choice,2,2,"[""account"", ""billing"", ""delivery"", ""refund"", ""technical""]","[0.007972358293510248, 0.08774350524750646, 0.65855157847268, 0.016358217088794987, 0.22937434089750833]","[0.006667, 0.01, 0.923333, 0.046667, 0.013333]"
d1-3b,typed_customer_service,customer_service_000000,churn_risk,score,1,1,"[""0"", ""1"", ""2"", ""3""]","[0.22335156783658422, 0.6773052566761392, 0.07138744884533955, 0.02795572664193713]","[0.1, 0.733333, 0.166667, 0.0]"
d1-3b,typed_customer_service,customer_service_000000,needs_human,noul,0,1,"[""false"", ""true""]","[0.3486451353339458, 0.6513548646660542]","[0.533333, 0.466667]"
d1-3b,typed_customer_service,customer_service_000000,urgency,score,1,1,"[""0"", ""1"", ""2"", ""3""]","[0.2606086226711226, 0.6551700052163927, 0.07124643279830269, 0.012974939314182038]","[0.033333, 0.75, 0.2, 0.016667]"
d1-3b,typed_invoice_processing,invoice_processing_000000,discrepancy_severity,score,2,2,"[""0"", ""1"", ""2"", ""3""]","[0.2788128699214707, 0.052798265493073836, 0.35245249233881865, 0.3159363722466368]","[0.38, 0.053333, 0.45, 0.116667]"
d1-3b,typed_invoice_processing,invoice_processing_000000,disposition,choice,0,2,"[""approve"", ""hold"", ""manual_review"", ""reject""]","[0.35262711691033566, 0.08117937176534433, 0.509076689703228, 0.057116821621092065]","[0.44, 0.186667, 0.353333, 0.02]"
d1-3b,typed_invoice_processing,invoice_processing_000000,duplicate,noul,0,0,"[""false"", ""true""]","[0.888758793492457, 0.11124120650754304]","[0.963333, 0.036667]"
d1-3b,typed_invoice_processing,invoice_processing_000000,matches_order,noul,0,0,"[""false"", ""true""]","[0.6859494550081926, 0.31405054499180746]","[0.52, 0.48]"
d1-3b,typed_invoice_processing,invoice_processing_000000,urgency,score,2,3,"[""0"", ""1"", ""2"", ""3""]","[0.06269726670873622, 0.0392349469522414, 0.4455258872493972, 0.4525418990896253]","[0.016667, 0.2, 0.566667, 0.216667]"
d1-3b,typed_security_incidents,security_incidents_000000,credential_compromise,noul,1,0,"[""false"", ""true""]","[0.9124361604769413, 0.08756383952305867]","[0.3, 0.7]"
d1-3b,typed_security_incidents,security_incidents_000000,disposition,choice,1,2,"[""close_benign"", ""contain"", ""investigate"", ""monitor""]","[0.10147805482270152, 0.08090535918746683, 0.7736291051765439, 0.043987480813287703]","[0.016667, 0.516667, 0.366667, 0.1]"
d1-3b,typed_security_incidents,security_incidents_000000,severity,score,3,2,"[""0"", ""1"", ""2"", ""3"", ""4""]","[0.16471649598175234, 0.3150285563890807, 0.33534615267706885, 0.15964870217200355, 0.025260092780094424]","[0.016667, 0.083333, 0.366667, 0.45, 0.083333]"
d1-3b,typed_security_incidents,security_incidents_000000,true_positive,noul,1,1,"[""false"", ""true""]","[0.07696083569602619, 0.9230391643039738]","[0.15, 0.85]"
d1-3b,typed_security_incidents,security_incidents_000000,urgency,score,3,2,"[""0"", ""1"", ""2"", ""3""]","[0.06787539487208394, 0.28133569371468875, 0.3905959289658398, 0.2601929824473876]","[0.033333, 0.1, 0.283333, 0.583333]"
d1-3b,ood_agnews_balanced,0,topic,choice,0,0,"[""business"", ""scitech"", ""sports"", ""world""]","[0.9645495545402213, 0.007900876553855853, 0.009605023179597341, 0.017944545726325523]",
d1-3b,ood_rotten_balanced_v2,0,positive,noul,1,1,"[""false"", ""true""]","[0.060086650174007605, 0.9399133498259924]",
d1-3b,ood_sst2_balanced_v2,0,positive,noul,1,1,"[""false"", ""true""]","[0.014957086593149982, 0.98504291340685]",
d1-3b,ood_yelp_rating,74,rating,score,4,4,"[""0"", ""1"", ""2"", ""3"", ""4""]","[0.004885137938078469, 0.005365274405745596, 0.043201923605522996, 0.4035337075601812, 0.5430139564904717]",
