domain,qtype,shipped_n,shipped_accuracy,shipped_mean_confidence,shipped_nll,shipped_brier,shipped_signed_gap,shipped_ece_mass_5,shipped_ece_mass_10,shipped_ece_mass_15,shipped_ece_width_10,shipped_ece_width_15,raw_n,raw_accuracy,raw_mean_confidence,raw_nll,raw_brier,raw_signed_gap,raw_ece_mass_5,raw_ece_mass_10,raw_ece_mass_15,raw_ece_width_10,raw_ece_width_15,shipped_ordinal_rps_hard,shipped_ordinal_mae_hard,raw_ordinal_rps_hard,raw_ordinal_mae_hard,shipped_soft_n,shipped_soft_kl,shipped_soft_brier,shipped_soft_accuracy,raw_soft_n,raw_soft_kl,raw_soft_brier,raw_soft_accuracy,shipped_ordinal_rps_soft,shipped_ordinal_mae_soft,raw_ordinal_rps_soft,raw_ordinal_mae_soft
ood_agnews_balanced,choice,1000,0.871,0.8742857807425438,0.3811842004325214,0.19450206264324357,0.00328578074254382,0.011095569368739233,0.015979352628526424,0.021329163855847617,0.01678711230997334,0.02298641295816184,1000,0.871,0.9169197499410254,0.4192179941783725,0.19908378913123367,0.045919749941025434,0.045919749941025385,0.04600769803864053,0.04607235382918812,0.04670198845164303,0.04935484602784848,,,,,,,,,,,,,,,,
ood_rotten_balanced_v2,noul,500,0.876,0.9396649607493891,0.34118535386604787,0.19993244587843395,0.0636649607493891,0.06414190571947258,0.06476623332506279,0.06506234488269545,0.07423322761798039,0.07423322761798046,500,0.876,0.9675355508716073,0.48979578961583853,0.2184637943858103,0.09153555087160725,0.09154187816956667,0.091555540655942,0.09156351171648161,0.0959308048116878,0.09988533055917709,,,,,,,,,,,,,,,,
ood_sst2_balanced_v2,noul,500,0.926,0.9467978800536803,0.23630841823725865,0.12735320793707605,0.020797880053680218,0.021311253711421133,0.02956126814226448,0.03497625836527732,0.03573999440686024,0.039464354932468304,500,0.926,0.9721474812201529,0.32376282809149304,0.13340639952919514,0.046147481220152886,0.04615425073449777,0.04616556723125804,0.049736977497765886,0.05572816562515592,0.05584549324382891,,,,,,,,,,,,,,,,
ood_yelp_rating,score,1000,0.634,0.6350202370484967,0.8107595645039014,0.467473881364578,0.0010202370484967416,0.013176887610125119,0.016725084452484596,0.04182437878468601,0.0208631530906699,0.021981095991194622,1000,0.634,0.7543277109348219,0.875949475548298,0.4909656819718919,0.12032771093482186,0.12032771093482184,0.12032771093482184,0.12032771093482181,0.12032771093482188,0.1224885461568741,0.06876334158367087,0.46693653653180345,0.0710452277261299,0.4351016421016197,,,,,,,,,,,,
typed_agent_trace_observability,choice,200,0.565,0.5273554376871332,0.928431435356062,0.5337825399885283,-0.037644562312866725,0.046796963985787574,0.09639323146065643,0.092636663452544,0.07904469528343046,0.07549401847618095,200,0.565,0.5900069277919259,0.9248885175323832,0.5306085195323419,0.025006927791925926,0.07334881668675494,0.0797342665847235,0.10155436173783247,0.08336045613753525,0.08896062187635537,,,,,200,0.24964739529331711,0.1194202415536732,0.41793167,200,0.3663263039894245,0.14897368802261654,0.41793167,,,,
typed_agent_trace_observability,noul,100,0.79,0.7546430063247681,0.46052584789198114,0.3007657684228391,-0.03535699367523193,0.06616837054491044,0.09366247296333316,0.10111351162195205,0.06450052231550218,0.06718141168355943,100,0.79,0.8351914722928059,0.4687328568182432,0.3064684900280502,0.045191472292805845,0.061465189591069946,0.09614816200046547,0.10651549998074938,0.07749223076817777,0.08896231173923953,,,,,100,0.09722388523431322,0.07774523220468832,0.6934333299999998,100,0.20682110497723244,0.11672818639321593,0.6934333299999998,,,,
typed_agent_trace_observability,score,200,0.44,0.5697343315409121,1.2012880558917276,0.6720223945501703,0.12973433154091213,0.1514747881898318,0.1514747881898318,0.1560960302500557,0.15758880849013818,0.15883730129144616,200,0.44,0.6732272458883368,1.478139742262979,0.7403942025714114,0.23322724588833682,0.23322724588833668,0.23738978750997564,0.24701319133480068,0.255025167182727,0.239547447436557,0.1547705028691083,0.7295211050844901,0.16879497424824982,0.732829519233062,200,0.43552663833298566,0.17231366234773524,0.39456499,200,0.8534845723291872,0.25380078525340766,0.39456499,0.05340769288513897,0.45809951542259597,0.06994352556904562,0.5026141284157601
typed_customer_service,choice,200,0.685,0.7226351204315685,0.7483316228435691,0.4193700076699292,0.03763512043156847,0.05465175317064623,0.08990502103989995,0.08628411478543484,0.06472776818428295,0.09194515826586401,200,0.685,0.7780149419680545,0.8131258948035799,0.4383112583356768,0.09301494196805449,0.09344182773344667,0.12050905771001472,0.12181020535931988,0.10708222193246453,0.11545168013874645,,,,,200,0.3615715374208152,0.14768202299074257,0.61690184,200,0.5468870194821547,0.17684270950949998,0.61690184,,,,
typed_customer_service,noul,100,0.7,0.6914683507382869,0.5876864787515843,0.40321623739091383,-0.008531649261713015,0.04740884080529211,0.04934760883450507,0.12468613639473913,0.0402373494207859,0.07398396745324134,100,0.7,0.7706999759595444,0.6191588956703655,0.41850847660989066,0.07069997595954447,0.08707474763584781,0.0870747476358478,0.144296996020445,0.07939417990042616,0.08822195542044652,,,,,100,0.12854105203087582,0.10740637280333598,0.62773333,100,0.2199604799356277,0.14744999982068568,0.62773333,,,,
typed_customer_service,score,200,0.545,0.7485204937519906,1.3461384273824155,0.6792615433785304,0.20352049375199055,0.20352049375199063,0.23287512546913364,0.23357039477195318,0.21589548098650108,0.23263639268557776,200,0.545,0.8609612154051774,1.9416616255660812,0.7763852900438579,0.3159612154051774,0.31596121540517746,0.32231806675087205,0.3287019538373954,0.33374436303566857,0.3282004016569535,0.13862698682370134,0.5419984291176049,0.16252890802296638,0.5640978514179626,200,0.8376213977770905,0.3284179679716972,0.43608332000000005,200,1.7045083322301033,0.45091175019501784,0.43608332000000005,0.08232719309718135,0.5103198759751563,0.11130502262884677,0.5881200489353732
typed_invoice_processing,choice,100,0.53,0.4436917091451121,1.1368655799612881,0.6269865272766851,-0.08630829085488795,0.18851416395239662,0.1936872294494044,0.2232982762327025,0.14993400204567922,0.17285577899773935,100,0.53,0.497565315099836,1.1525859414213178,0.619590168406292,-0.032434684900164046,0.1421633308078497,0.1568407764360219,0.1595901922650456,0.09221209033508583,0.1455110125863831,,,,,100,0.44527820705091353,0.22916498585250306,0.43399195000000007,100,0.5137339150761774,0.23942282375523682,0.43399195000000007,,,,
typed_invoice_processing,noul,200,0.745,0.7911766372434795,0.42970083286349947,0.29911621571718966,0.046176637243479535,0.07317401396110654,0.09474236356094479,0.08730134787037969,0.07834010051563384,0.07170039677992464,200,0.745,0.8506987846207004,0.46789803891125653,0.3275084988759663,0.10569878462070037,0.109012598539235,0.12505645725411693,0.109012598539235,0.1119321702215822,0.1149012558701691,,,,,200,0.22168469043513625,0.17375722656165862,0.73917497,200,0.2762772379306966,0.20040240009721497,0.73917497,,,,
typed_invoice_processing,score,200,0.4,0.5663653605070956,1.3612638180583252,0.7515353234876114,0.1663653605070956,0.1663653605070957,0.1663653605070957,0.17789480757962783,0.16636536050709574,0.16898896883076855,200,0.4,0.7509527745027748,1.6528209849810513,0.8917150564300319,0.35095277450277473,0.3509527745027748,0.35095277450277473,0.37147374126643984,0.3509527745027748,0.3591543086004848,0.22102451667830067,1.035015820772697,0.2620214722442735,1.0566723994739569,200,0.6247938005574558,0.32609023622292843,0.382866765,200,0.9576368060426848,0.47233616982515747,0.382866765,0.12480901006297099,0.8107361377629172,0.16658721580208166,0.8950699914379127
typed_security_incidents,choice,100,0.65,0.47560088133579137,0.9772675440251999,0.5225646532339695,-0.17439911866420865,0.17510558567709114,0.18852124349142263,0.19720424704727355,0.18031458607170942,0.17439911866420862,100,0.65,0.5583147461076909,0.9084404717932419,0.48516271032814706,-0.09168525389230908,0.09168525389230897,0.11912850004171113,0.14681362337919684,0.1035074647075806,0.11074811293569709,,,,,100,0.22555908706241534,0.10430843195648729,0.46496669,100,0.2657001735880429,0.12004015994733307,0.46496669,,,,
typed_security_incidents,noul,200,0.645,0.7043936561699957,0.6708459291773826,0.4611215709875846,0.0593936561699957,0.08002931020222606,0.10007409653626381,0.10372552148066459,0.06946852094493808,0.06423487029038369,200,0.645,0.7813258354270198,0.7721655171235802,0.49278731709222595,0.13632583542701981,0.13632583542701962,0.15207013272725353,0.1413464722014166,0.13930209260001813,0.14038488013507316,,,,,200,0.1470926061975093,0.10866498943654333,0.5911500000000001,200,0.2967221677479311,0.16071952434664993,0.5911500000000001,,,,
typed_security_incidents,score,200,0.41,0.47821711646859255,1.1670175776730818,0.6605012482346301,0.06821711646859258,0.07035985880226844,0.09094665544443649,0.1252535557350876,0.07162214921985026,0.07834118586882699,200,0.41,0.5963436350753925,1.2539196262332715,0.7068432627040687,0.18634363507539248,0.18634363507539237,0.18634363507539242,0.20034623672477592,0.19343939045485284,0.2008879362001268,0.11967034582257868,0.6566235198503727,0.12140068882169494,0.634189672296918,200,0.28363488106155776,0.12973954918336633,0.361658355,200,0.5205146135118112,0.19913473294243958,0.361658355,0.03331610013921769,0.41339562412307146,0.04339395033852778,0.43094777918269517
